Region,Country,Age,Arrivals,Year
South-East Asia,Brunai,Total,17433,2015
South-East Asia,Brunai,Under 25,3736,2015
South-East Asia,Brunai,25 - 34,4549,2015
South-East Asia,Brunai,35 - 44,4028,2015
South-East Asia,Brunai,45 - 54,2735,2015
South-East Asia,Brunai,55 - 64,1777,2015
South-East Asia,Brunai,65 and Over,608,2015
South-East Asia,Brunai,Total,17994,2016
South-East Asia,Brunai,Under 25,4526,2016
South-East Asia,Brunai,25 - 34,5082,2016
South-East Asia,Brunai,35 - 44,3289,2016
South-East Asia,Brunai,45 - 54,2679,2016
South-East Asia,Brunai,55 - 64,1683,2016
South-East Asia,Brunai,65 and Over,735,2016
South-East Asia,Brunai,Total,18249,2017
South-East Asia,Brunai,Under 25,4179,2017
South-East Asia,Brunai,25 - 34,5085,2017
South-East Asia,Brunai,35 - 44,3435,2017
South-East Asia,Brunai,45 - 54,2812,2017
South-East Asia,Brunai,55 - 64,1939,2017
South-East Asia,Brunai,65 and Over,799,2017
South-East Asia,Brunai,Total,18460,2018
South-East Asia,Brunai,Under 25,3719,2018
South-East Asia,Brunai,25 - 34,4922,2018
South-East Asia,Brunai,35 - 44,3541,2018
South-East Asia,Brunai,45 - 54,3305,2018
South-East Asia,Brunai,55 - 64,2094,2018
South-East Asia,Brunai,65 and Over,879,2018
South-East Asia,Brunai,Total,19858,2019
South-East Asia,Brunai,Under 25,4171,2019
South-East Asia,Brunai,25 - 34,5270,2019
South-East Asia,Brunai,35 - 44,4008,2019
South-East Asia,Brunai,45 - 54,3111,2019
South-East Asia,Brunai,55 - 64,2271,2019
South-East Asia,Brunai,65 and Over,1027,2019
South-East Asia,Brunai,Total,2444,2020
South-East Asia,Brunai,Under 25,373,2020
South-East Asia,Brunai,25 - 34,757,2020
South-East Asia,Brunai,35 - 44,459,2020
South-East Asia,Brunai,45 - 54,378,2020
South-East Asia,Brunai,55 - 64,351,2020
South-East Asia,Brunai,65 and Over,126,2020
South-East Asia,Cambodia,Total,544818,2015
South-East Asia,Cambodia,Under 25,105324,2015
South-East Asia,Cambodia,25 - 34,137266,2015
South-East Asia,Cambodia,35 - 44,121159,2015
South-East Asia,Cambodia,45 - 54,86113,2015
South-East Asia,Cambodia,55 - 64,62795,2015
South-East Asia,Cambodia,65 and Over,32161,2015
South-East Asia,Cambodia,Total,684836,2016
South-East Asia,Cambodia,Under 25,145984,2016
South-East Asia,Cambodia,25 - 34,134056,2016
South-East Asia,Cambodia,35 - 44,89952,2016
South-East Asia,Cambodia,45 - 54,107272,2016
South-East Asia,Cambodia,55 - 64,110742,2016
South-East Asia,Cambodia,65 and Over,96830,2016
South-East Asia,Cambodia,Total,851879,2017
South-East Asia,Cambodia,Under 25,144396,2017
South-East Asia,Cambodia,25 - 34,247505,2017
South-East Asia,Cambodia,35 - 44,162140,2017
South-East Asia,Cambodia,45 - 54,127164,2017
South-East Asia,Cambodia,55 - 64,85142,2017
South-East Asia,Cambodia,65 and Over,85532,2017
South-East Asia,Cambodia,Total,950980,2018
South-East Asia,Cambodia,Under 25,144081,2018
South-East Asia,Cambodia,25 - 34,273780,2018
South-East Asia,Cambodia,35 - 44,199314,2018
South-East Asia,Cambodia,45 - 54,132792,2018
South-East Asia,Cambodia,55 - 64,101831,2018
South-East Asia,Cambodia,65 and Over,99182,2018
South-East Asia,Cambodia,Total,925437,2019
South-East Asia,Cambodia,Under 25,171083,2019
South-East Asia,Cambodia,25 - 34,269295,2019
South-East Asia,Cambodia,35 - 44,197953,2019
South-East Asia,Cambodia,45 - 54,122671,2019
South-East Asia,Cambodia,55 - 64,93397,2019
South-East Asia,Cambodia,65 and Over,71038,2019
South-East Asia,Cambodia,Total,164270,2020
South-East Asia,Cambodia,Under 25,27379,2020
South-East Asia,Cambodia,25 - 34,56872,2020
South-East Asia,Cambodia,35 - 44,35932,2020
South-East Asia,Cambodia,45 - 54,19774,2020
South-East Asia,Cambodia,55 - 64,14114,2020
South-East Asia,Cambodia,65 and Over,10199,2020
South-East Asia,Indonesia,Total,470820,2015
South-East Asia,Indonesia,Under 25,69329,2015
South-East Asia,Indonesia,25 - 34,110286,2015
South-East Asia,Indonesia,35 - 44,118180,2015
South-East Asia,Indonesia,45 - 54,96334,2015
South-East Asia,Indonesia,55 - 64,52945,2015
South-East Asia,Indonesia,65 and Over,23746,2015
South-East Asia,Indonesia,Total,558499,2016
South-East Asia,Indonesia,Under 25,117563,2016
South-East Asia,Indonesia,25 - 34,144510,2016
South-East Asia,Indonesia,35 - 44,105548,2016
South-East Asia,Indonesia,45 - 54,98740,2016
South-East Asia,Indonesia,55 - 64,61394,2016
South-East Asia,Indonesia,65 and Over,30744,2016
South-East Asia,Indonesia,Total,594060,2017
South-East Asia,Indonesia,Under 25,117948,2017
South-East Asia,Indonesia,25 - 34,159642,2017
South-East Asia,Indonesia,35 - 44,122269,2017
South-East Asia,Indonesia,45 - 54,99670,2017
South-East Asia,Indonesia,55 - 64,60949,2017
South-East Asia,Indonesia,65 and Over,33582,2017
South-East Asia,Indonesia,Total,644479,2018
South-East Asia,Indonesia,Under 25,121938,2018
South-East Asia,Indonesia,25 - 34,170612,2018
South-East Asia,Indonesia,35 - 44,132406,2018
South-East Asia,Indonesia,45 - 54,111565,2018
South-East Asia,Indonesia,55 - 64,67163,2018
South-East Asia,Indonesia,65 and Over,40795,2018
South-East Asia,Indonesia,Total,706908,2019
South-East Asia,Indonesia,Under 25,138057,2019
South-East Asia,Indonesia,25 - 34,189289,2019
South-East Asia,Indonesia,35 - 44,144062,2019
South-East Asia,Indonesia,45 - 54,111423,2019
South-East Asia,Indonesia,55 - 64,78857,2019
South-East Asia,Indonesia,65 and Over,45220,2019
South-East Asia,Indonesia,Total,96993,2020
South-East Asia,Indonesia,Under 25,19476,2020
South-East Asia,Indonesia,25 - 34,29007,2020
South-East Asia,Indonesia,35 - 44,20595,2020
South-East Asia,Indonesia,45 - 54,15232,2020
South-East Asia,Indonesia,55 - 64,8812,2020
South-East Asia,Indonesia,65 and Over,3871,2020
South-East Asia,Laos,Total,1230521,2015
South-East Asia,Laos,Under 25,207544,2015
South-East Asia,Laos,25 - 34,282221,2015
South-East Asia,Laos,35 - 44,260033,2015
South-East Asia,Laos,45 - 54,240817,2015
South-East Asia,Laos,55 - 64,160317,2015
South-East Asia,Laos,65 and Over,79589,2015
South-East Asia,Laos,Total,1414916,2016
South-East Asia,Laos,Under 25,312928,2016
South-East Asia,Laos,25 - 34,212504,2016
South-East Asia,Laos,35 - 44,194670,2016
South-East Asia,Laos,45 - 54,284576,2016
South-East Asia,Laos,55 - 64,259718,2016
South-East Asia,Laos,65 and Over,150520,2016
South-East Asia,Laos,Total,1692866,2017
South-East Asia,Laos,Under 25,390129,2017
South-East Asia,Laos,25 - 34,460872,2017
South-East Asia,Laos,35 - 44,335099,2017
South-East Asia,Laos,45 - 54,259443,2017
South-East Asia,Laos,55 - 64,152666,2017
South-East Asia,Laos,65 and Over,94657,2017
South-East Asia,Laos,Total,1682304,2018
South-East Asia,Laos,Under 25,259332,2018
South-East Asia,Laos,25 - 34,480129,2018
South-East Asia,Laos,35 - 44,360023,2018
South-East Asia,Laos,45 - 54,286079,2018
South-East Asia,Laos,55 - 64,172223,2018
South-East Asia,Laos,65 and Over,124518,2018
South-East Asia,Laos,Total,1856762,2019
South-East Asia,Laos,Under 25,280246,2019
South-East Asia,Laos,25 - 34,539391,2019
South-East Asia,Laos,35 - 44,411800,2019
South-East Asia,Laos,45 - 54,296442,2019
South-East Asia,Laos,55 - 64,183774,2019
South-East Asia,Laos,65 and Over,145109,2019
South-East Asia,Laos,Total,382246,2020
South-East Asia,Laos,Under 25,58795,2020
South-East Asia,Laos,25 - 34,109855,2020
South-East Asia,Laos,35 - 44,93459,2020
South-East Asia,Laos,45 - 54,59233,2020
South-East Asia,Laos,55 - 64,39297,2020
South-East Asia,Laos,65 and Over,21607,2020
South-East Asia,Malaysia,Total,3407553,2015
South-East Asia,Malaysia,Under 25,307759,2015
South-East Asia,Malaysia,25 - 34,559479,2015
South-East Asia,Malaysia,35 - 44,730387,2015
South-East Asia,Malaysia,45 - 54,757491,2015
South-East Asia,Malaysia,55 - 64,628690,2015
South-East Asia,Malaysia,65 and Over,423747,2015
South-East Asia,Malaysia,Total,3506199,2016
South-East Asia,Malaysia,Under 25,285029,2016
South-East Asia,Malaysia,25 - 34,705094,2016
South-East Asia,Malaysia,35 - 44,472223,2016
South-East Asia,Malaysia,45 - 54,857826,2016
South-East Asia,Malaysia,55 - 64,761752,2016
South-East Asia,Malaysia,65 and Over,424275,2016
South-East Asia,Malaysia,Total,3493112,2017
South-East Asia,Malaysia,Under 25,388668,2017
South-East Asia,Malaysia,25 - 34,772111,2017
South-East Asia,Malaysia,35 - 44,513536,2017
South-East Asia,Malaysia,45 - 54,748078,2017
South-East Asia,Malaysia,55 - 64,502431,2017
South-East Asia,Malaysia,65 and Over,568288,2017
South-East Asia,Malaysia,Total,4042998,2018
South-East Asia,Malaysia,Under 25,329691,2018
South-East Asia,Malaysia,25 - 34,858375,2018
South-East Asia,Malaysia,35 - 44,540329,2018
South-East Asia,Malaysia,45 - 54,873996,2018
South-East Asia,Malaysia,55 - 64,627539,2018
South-East Asia,Malaysia,65 and Over,813068,2018
South-East Asia,Malaysia,Total,4274458,2019
South-East Asia,Malaysia,Under 25,422439,2019
South-East Asia,Malaysia,25 - 34,924106,2019
South-East Asia,Malaysia,35 - 44,578333,2019
South-East Asia,Malaysia,45 - 54,750076,2019
South-East Asia,Malaysia,55 - 64,749878,2019
South-East Asia,Malaysia,65 and Over,849626,2019
South-East Asia,Malaysia,Total,612922,2020
South-East Asia,Malaysia,Under 25,96590,2020
South-East Asia,Malaysia,25 - 34,152321,2020
South-East Asia,Malaysia,35 - 44,122032,2020
South-East Asia,Malaysia,45 - 54,108338,2020
South-East Asia,Malaysia,55 - 64,93674,2020
South-East Asia,Malaysia,65 and Over,39967,2020
South-East Asia,Myanmar,Total,263422,2015
South-East Asia,Myanmar,Under 25,51240,2015
South-East Asia,Myanmar,25 - 34,54148,2015
South-East Asia,Myanmar,35 - 44,61411,2015
South-East Asia,Myanmar,45 - 54,52366,2015
South-East Asia,Myanmar,55 - 64,32186,2015
South-East Asia,Myanmar,65 and Over,12071,2015
South-East Asia,Myanmar,Total,363871,2016
South-East Asia,Myanmar,Under 25,79388,2016
South-East Asia,Myanmar,25 - 34,98514,2016
South-East Asia,Myanmar,35 - 44,73287,2016
South-East Asia,Myanmar,45 - 54,58032,2016
South-East Asia,Myanmar,55 - 64,36833,2016
South-East Asia,Myanmar,65 and Over,17817,2016
South-East Asia,Myanmar,Total,387722,2017
South-East Asia,Myanmar,Under 25,76303,2017
South-East Asia,Myanmar,25 - 34,109237,2017
South-East Asia,Myanmar,35 - 44,80421,2017
South-East Asia,Myanmar,45 - 54,62464,2017
South-East Asia,Myanmar,55 - 64,39127,2017
South-East Asia,Myanmar,65 and Over,20170,2017
South-East Asia,Myanmar,Total,379880,2018
South-East Asia,Myanmar,Under 25,75272,2018
South-East Asia,Myanmar,25 - 34,106384,2018
South-East Asia,Myanmar,35 - 44,75933,2018
South-East Asia,Myanmar,45 - 54,60789,2018
South-East Asia,Myanmar,55 - 64,39629,2018
South-East Asia,Myanmar,65 and Over,21873,2018
South-East Asia,Myanmar,Total,389301,2019
South-East Asia,Myanmar,Under 25,77269,2019
South-East Asia,Myanmar,25 - 34,102453,2019
South-East Asia,Myanmar,35 - 44,78892,2019
South-East Asia,Myanmar,45 - 54,64952,2019
South-East Asia,Myanmar,55 - 64,42976,2019
South-East Asia,Myanmar,65 and Over,22759,2019
South-East Asia,Myanmar,Total,54941,2020
South-East Asia,Myanmar,Under 25,9473,2020
South-East Asia,Myanmar,25 - 34,15844,2020
South-East Asia,Myanmar,35 - 44,11077,2020
South-East Asia,Myanmar,45 - 54,8598,2020
South-East Asia,Myanmar,55 - 64,6309,2020
South-East Asia,Myanmar,65 and Over,3640,2020
South-East Asia,Philippines,Total,301297,2015
South-East Asia,Philippines,Under 25,36228,2015
South-East Asia,Philippines,25 - 34,77541,2015
South-East Asia,Philippines,35 - 44,78985,2015
South-East Asia,Philippines,45 - 54,60746,2015
South-East Asia,Philippines,55 - 64,34070,2015
South-East Asia,Philippines,65 and Over,13727,2015
South-East Asia,Philippines,Total,323860,2016
South-East Asia,Philippines,Under 25,50443,2016
South-East Asia,Philippines,25 - 34,102104,2016
South-East Asia,Philippines,35 - 44,71385,2016
South-East Asia,Philippines,45 - 54,49571,2016
South-East Asia,Philippines,55 - 64,33219,2016
South-East Asia,Philippines,65 and Over,17138,2016
South-East Asia,Philippines,Total,361218,2017
South-East Asia,Philippines,Under 25,50622,2017
South-East Asia,Philippines,25 - 34,114005,2017
South-East Asia,Philippines,35 - 44,84754,2017
South-East Asia,Philippines,45 - 54,57447,2017
South-East Asia,Philippines,55 - 64,34769,2017
South-East Asia,Philippines,65 and Over,19621,2017
South-East Asia,Philippines,Total,407832,2018
South-East Asia,Philippines,Under 25,57589,2018
South-East Asia,Philippines,25 - 34,130194,2018
South-East Asia,Philippines,35 - 44,95798,2018
South-East Asia,Philippines,45 - 54,63394,2018
South-East Asia,Philippines,55 - 64,38318,2018
South-East Asia,Philippines,65 and Over,22539,2018
South-East Asia,Philippines,Total,473565,2019
South-East Asia,Philippines,Under 25,70911,2019
South-East Asia,Philippines,25 - 34,155078,2019
South-East Asia,Philippines,35 - 44,105933,2019
South-East Asia,Philippines,45 - 54,68271,2019
South-East Asia,Philippines,55 - 64,44751,2019
South-East Asia,Philippines,65 and Over,28621,2019
South-East Asia,Philippines,Total,68359,2020
South-East Asia,Philippines,Under 25,7452,2020
South-East Asia,Philippines,25 - 34,22964,2020
South-East Asia,Philippines,35 - 44,16933,2020
South-East Asia,Philippines,45 - 54,10202,2020
South-East Asia,Philippines,55 - 64,7098,2020
South-East Asia,Philippines,65 and Over,3710,2020
South-East Asia,Singapore,Total,1074755,2015
South-East Asia,Singapore,Under 25,164801,2015
South-East Asia,Singapore,25 - 34,246017,2015
South-East Asia,Singapore,35 - 44,261964,2015
South-East Asia,Singapore,45 - 54,220208,2015
South-East Asia,Singapore,55 - 64,129863,2015
South-East Asia,Singapore,65 and Over,51902,2015
South-East Asia,Singapore,Total,1163309,2016
South-East Asia,Singapore,Under 25,188005,2016
South-East Asia,Singapore,25 - 34,322793,2016
South-East Asia,Singapore,35 - 44,243992,2016
South-East Asia,Singapore,45 - 54,207236,2016
South-East Asia,Singapore,55 - 64,139752,2016
South-East Asia,Singapore,65 and Over,61531,2016
South-East Asia,Singapore,Total,1259523,2017
South-East Asia,Singapore,Under 25,215076,2017
South-East Asia,Singapore,25 - 34,295008,2017
South-East Asia,Singapore,35 - 44,277058,2017
South-East Asia,Singapore,45 - 54,239411,2017
South-East Asia,Singapore,55 - 64,152684,2017
South-East Asia,Singapore,65 and Over,80286,2017
South-East Asia,Singapore,Total,1168112,2018
South-East Asia,Singapore,Under 25,186935,2018
South-East Asia,Singapore,25 - 34,270407,2018
South-East Asia,Singapore,35 - 44,252168,2018
South-East Asia,Singapore,45 - 54,221315,2018
South-East Asia,Singapore,55 - 64,153799,2018
South-East Asia,Singapore,65 and Over,83488,2018
South-East Asia,Singapore,Total,1150024,2019
South-East Asia,Singapore,Under 25,208544,2019
South-East Asia,Singapore,25 - 34,253622,2019
South-East Asia,Singapore,35 - 44,244883,2019
South-East Asia,Singapore,45 - 54,211412,2019
South-East Asia,Singapore,55 - 64,148950,2019
South-East Asia,Singapore,65 and Over,82613,2019
South-East Asia,Singapore,Total,132511,2020
South-East Asia,Singapore,Under 25,18403,2020
South-East Asia,Singapore,25 - 34,32018,2020
South-East Asia,Singapore,35 - 44,28108,2020
South-East Asia,Singapore,45 - 54,23269,2020
South-East Asia,Singapore,55 - 64,20015,2020
South-East Asia,Singapore,65 and Over,10698,2020
South-East Asia,Vietnam,Total,767643,2015
South-East Asia,Vietnam,Under 25,129167,2015
South-East Asia,Vietnam,25 - 34,227218,2015
South-East Asia,Vietnam,35 - 44,204943,2015
South-East Asia,Vietnam,45 - 54,117926,2015
South-East Asia,Vietnam,55 - 64,69554,2015
South-East Asia,Vietnam,65 and Over,18835,2015
South-East Asia,Vietnam,Total,863807,2016
South-East Asia,Vietnam,Under 25,215640,2016
South-East Asia,Vietnam,25 - 34,270653,2016
South-East Asia,Vietnam,35 - 44,139303,2016
South-East Asia,Vietnam,45 - 54,107187,2016
South-East Asia,Vietnam,55 - 64,85477,2016
South-East Asia,Vietnam,65 and Over,45547,2016
South-East Asia,Vietnam,Total,985695,2017
South-East Asia,Vietnam,Under 25,217673,2017
South-East Asia,Vietnam,25 - 34,341098,2017
South-East Asia,Vietnam,35 - 44,195204,2017
South-East Asia,Vietnam,45 - 54,118590,2017
South-East Asia,Vietnam,55 - 64,80438,2017
South-East Asia,Vietnam,65 and Over,32692,2017
South-East Asia,Vietnam,Total,1053723,2018
South-East Asia,Vietnam,Under 25,220518,2018
South-East Asia,Vietnam,25 - 34,348305,2018
South-East Asia,Vietnam,35 - 44,208113,2018
South-East Asia,Vietnam,45 - 54,131110,2018
South-East Asia,Vietnam,55 - 64,96258,2018
South-East Asia,Vietnam,65 and Over,49419,2018
South-East Asia,Vietnam,Total,1080609,2019
South-East Asia,Vietnam,Under 25,222579,2019
South-East Asia,Vietnam,25 - 34,359659,2019
South-East Asia,Vietnam,35 - 44,217111,2019
South-East Asia,Vietnam,45 - 54,140024,2019
South-East Asia,Vietnam,55 - 64,97277,2019
South-East Asia,Vietnam,65 and Over,43959,2019
South-East Asia,Vietnam,Total,131308,2020
South-East Asia,Vietnam,Under 25,25919,2020
South-East Asia,Vietnam,25 - 34,45778,2020
South-East Asia,Vietnam,35 - 44,26033,2020
South-East Asia,Vietnam,45 - 54,16899,2020
South-East Asia,Vietnam,55 - 64,11689,2020
South-East Asia,Vietnam,65 and Over,4990,2020
North-East Asia,China,Total,7981407,2015
North-East Asia,China,Under 25,892249,2015
North-East Asia,China,25 - 34,2603082,2015
North-East Asia,China,35 - 44,1813040,2015
North-East Asia,China,45 - 54,1375663,2015
North-East Asia,China,55 - 64,966111,2015
North-East Asia,China,65 and Over,331262,2015
North-East Asia,China,Total,8821148,2016
North-East Asia,China,Under 25,1324110,2016
North-East Asia,China,25 - 34,3238695,2016
North-East Asia,China,35 - 44,1680761,2016
North-East Asia,China,45 - 54,1242088,2016
North-East Asia,China,55 - 64,909752,2016
North-East Asia,China,65 and Over,425742,2016
North-East Asia,China,Total,9846818,2017
North-East Asia,China,Under 25,1603723,2017
North-East Asia,China,25 - 34,3155199,2017
North-East Asia,China,35 - 44,1899559,2017
North-East Asia,China,45 - 54,1387184,2017
North-East Asia,China,55 - 64,1208659,2017
North-East Asia,China,65 and Over,592494,2017
North-East Asia,China,Total,10625167,2018
North-East Asia,China,Under 25,1754962,2018
North-East Asia,China,25 - 34,3423026,2018
North-East Asia,China,35 - 44,1982819,2018
North-East Asia,China,45 - 54,1459596,2018
North-East Asia,China,55 - 64,1290364,2018
North-East Asia,China,65 and Over,714400,2018
North-East Asia,China,Total,11138658,2019
North-East Asia,China,Under 25,1812938,2019
North-East Asia,China,25 - 34,3515422,2019
North-East Asia,China,35 - 44,2076326,2019
North-East Asia,China,45 - 54,1520678,2019
North-East Asia,China,55 - 64,1456355,2019
North-East Asia,China,65 and Over,756939,2019
North-East Asia,China,Total,1302137,2020
North-East Asia,China,Under 25,287199,2020
North-East Asia,China,25 - 34,430749,2020
North-East Asia,China,35 - 44,269031,2020
North-East Asia,China,45 - 54,143532,2020
North-East Asia,China,55 - 64,109637,2020
North-East Asia,China,65 and Over,61989,2020
North-East Asia,Hong Kong,Total,708435,2015
North-East Asia,Hong Kong,Under 25,91222,2015
North-East Asia,Hong Kong,25 - 34,145834,2015
North-East Asia,Hong Kong,35 - 44,174682,2015
North-East Asia,Hong Kong,45 - 54,174385,2015
North-East Asia,Hong Kong,55 - 64,92982,2015
North-East Asia,Hong Kong,65 and Over,29330,2015
North-East Asia,Hong Kong,Total,690465,2016
North-East Asia,Hong Kong,Under 25,133727,2016
North-East Asia,Hong Kong,25 - 34,205427,2016
North-East Asia,Hong Kong,35 - 44,139887,2016
North-East Asia,Hong Kong,45 - 54,114740,2016
North-East Asia,Hong Kong,55 - 64,68256,2016
North-East Asia,Hong Kong,65 and Over,28428,2016
North-East Asia,Hong Kong,Total,798460,2017
North-East Asia,Hong Kong,Under 25,142064,2017
North-East Asia,Hong Kong,25 - 34,190984,2017
North-East Asia,Hong Kong,35 - 44,165840,2017
North-East Asia,Hong Kong,45 - 54,150202,2017
North-East Asia,Hong Kong,55 - 64,101059,2017
North-East Asia,Hong Kong,65 and Over,48311,2017
North-East Asia,Hong Kong,Total,1047559,2018
North-East Asia,Hong Kong,Under 25,184252,2018
North-East Asia,Hong Kong,25 - 34,232430,2018
North-East Asia,Hong Kong,35 - 44,213743,2018
North-East Asia,Hong Kong,45 - 54,197323,2018
North-East Asia,Hong Kong,55 - 64,147204,2018
North-East Asia,Hong Kong,65 and Over,72607,2018
North-East Asia,Hong Kong,Total,1090121,2019
North-East Asia,Hong Kong,Under 25,193263,2019
North-East Asia,Hong Kong,25 - 34,240718,2019
North-East Asia,Hong Kong,35 - 44,228664,2019
North-East Asia,Hong Kong,45 - 54,202223,2019
North-East Asia,Hong Kong,55 - 64,151953,2019
North-East Asia,Hong Kong,65 and Over,73300,2019
North-East Asia,Hong Kong,Total,131988,2020
North-East Asia,Hong Kong,Under 25,22724,2020
North-East Asia,Hong Kong,25 - 34,28453,2020
North-East Asia,Hong Kong,35 - 44,27127,2020
North-East Asia,Hong Kong,45 - 54,23466,2020
North-East Asia,Hong Kong,55 - 64,20020,2020
North-East Asia,Hong Kong,65 and Over,10198,2020
North-East Asia,Japan,Total,1349388,2015
North-East Asia,Japan,Under 25,132436,2015
North-East Asia,Japan,25 - 34,192208,2015
North-East Asia,Japan,35 - 44,298411,2015
North-East Asia,Japan,45 - 54,348139,2015
North-East Asia,Japan,55 - 64,250727,2015
North-East Asia,Japan,65 and Over,127467,2015
North-East Asia,Japan,Total,1416903,2016
North-East Asia,Japan,Under 25,179164,2016
North-East Asia,Japan,25 - 34,249148,2016
North-East Asia,Japan,35 - 44,304500,2016
North-East Asia,Japan,45 - 54,331401,2016
North-East Asia,Japan,55 - 64,222140,2016
North-East Asia,Japan,65 and Over,130550,2016
North-East Asia,Japan,Total,1525707,2017
North-East Asia,Japan,Under 25,196348,2017
North-East Asia,Japan,25 - 34,261814,2017
North-East Asia,Japan,35 - 44,314507,2017
North-East Asia,Japan,45 - 54,354703,2017
North-East Asia,Japan,55 - 64,242036,2017
North-East Asia,Japan,65 and Over,156299,2017
North-East Asia,Japan,Total,1642712,2018
North-East Asia,Japan,Under 25,223160,2018
North-East Asia,Japan,25 - 34,287638,2018
North-East Asia,Japan,35 - 44,320040,2018
North-East Asia,Japan,45 - 54,369878,2018
North-East Asia,Japan,55 - 64,263619,2018
North-East Asia,Japan,65 and Over,178377,2018
North-East Asia,Japan,Total,1787185,2019
North-East Asia,Japan,Under 25,265252,2019
North-East Asia,Japan,25 - 34,314285,2019
North-East Asia,Japan,35 - 44,343750,2019
North-East Asia,Japan,45 - 54,400008,2019
North-East Asia,Japan,55 - 64,282234,2019
North-East Asia,Japan,65 and Over,181656,2019
North-East Asia,Japan,Total,314044,2020
North-East Asia,Japan,Under 25,47790,2020
North-East Asia,Japan,25 - 34,47080,2020
North-East Asia,Japan,35 - 44,53269,2020
North-East Asia,Japan,45 - 54,66543,2020
North-East Asia,Japan,55 - 64,56146,2020
North-East Asia,Japan,65 and Over,43216,2020
North-East Asia,Korea,Total,1359211,2015
North-East Asia,Korea,Under 25,191666,2015
North-East Asia,Korea,25 - 34,323384,2015
North-East Asia,Korea,35 - 44,294022,2015
North-East Asia,Korea,45 - 54,279156,2015
North-East Asia,Korea,55 - 64,205896,2015
North-East Asia,Korea,65 and Over,65087,2015
North-East Asia,Korea,Total,1449617,2016
North-East Asia,Korea,Under 25,256996,2016
North-East Asia,Korea,25 - 34,414820,2016
North-East Asia,Korea,35 - 44,272093,2016
North-East Asia,Korea,45 - 54,244925,2016
North-East Asia,Korea,55 - 64,185748,2016
North-East Asia,Korea,65 and Over,75035,2016
North-East Asia,Korea,Total,1698608,2017
North-East Asia,Korea,Under 25,279516,2017
North-East Asia,Korea,25 - 34,397856,2017
North-East Asia,Korea,35 - 44,347807,2017
North-East Asia,Korea,45 - 54,318418,2017
North-East Asia,Korea,55 - 64,255184,2017
North-East Asia,Korea,65 and Over,99827,2017
North-East Asia,Korea,Total,1785147,2018
North-East Asia,Korea,Under 25,272551,2018
North-East Asia,Korea,25 - 34,410975,2018
North-East Asia,Korea,35 - 44,371712,2018
North-East Asia,Korea,45 - 54,333471,2018
North-East Asia,Korea,55 - 64,282490,2018
North-East Asia,Korea,65 and Over,113948,2018
North-East Asia,Korea,Total,1880465,2019
North-East Asia,Korea,Under 25,304440,2019
North-East Asia,Korea,25 - 34,404694,2019
North-East Asia,Korea,35 - 44,379734,2019
North-East Asia,Korea,45 - 54,359352,2019
North-East Asia,Korea,55 - 64,307405,2019
North-East Asia,Korea,65 and Over,124840,2019
North-East Asia,Korea,Total,262313,2020
North-East Asia,Korea,Under 25,43636,2020
North-East Asia,Korea,25 - 34,42711,2020
North-East Asia,Korea,35 - 44,44024,2020
North-East Asia,Korea,45 - 54,55483,2020
North-East Asia,Korea,55 - 64,54647,2020
North-East Asia,Korea,65 and Over,21812,2020
North-East Asia,Taiwan,Total,545560,2015
North-East Asia,Taiwan,Under 25,62935,2015
North-East Asia,Taiwan,25 - 34,141516,2015
North-East Asia,Taiwan,35 - 44,151109,2015
North-East Asia,Taiwan,45 - 54,106190,2015
North-East Asia,Taiwan,55 - 64,63602,2015
North-East Asia,Taiwan,65 and Over,20208,2015
North-East Asia,Taiwan,Total,513528,2016
North-East Asia,Taiwan,Under 25,97634,2016
North-East Asia,Taiwan,25 - 34,144004,2016
North-East Asia,Taiwan,35 - 44,116868,2016
North-East Asia,Taiwan,45 - 54,81275,2016
North-East Asia,Taiwan,55 - 64,50941,2016
North-East Asia,Taiwan,65 and Over,22806,2016
North-East Asia,Taiwan,Total,560441,2017
North-East Asia,Taiwan,Under 25,99524,2017
North-East Asia,Taiwan,25 - 34,145577,2017
North-East Asia,Taiwan,35 - 44,133618,2017
North-East Asia,Taiwan,45 - 54,92847,2017
North-East Asia,Taiwan,55 - 64,60891,2017
North-East Asia,Taiwan,65 and Over,27984,2017
North-East Asia,Taiwan,Total,674172,2018
North-East Asia,Taiwan,Under 25,118268,2018
North-East Asia,Taiwan,25 - 34,174988,2018
North-East Asia,Taiwan,35 - 44,158557,2018
North-East Asia,Taiwan,45 - 54,110478,2018
North-East Asia,Taiwan,55 - 64,73513,2018
North-East Asia,Taiwan,65 and Over,38368,2018
North-East Asia,Taiwan,Total,781674,2019
North-East Asia,Taiwan,Under 25,137848,2019
North-East Asia,Taiwan,25 - 34,194960,2019
North-East Asia,Taiwan,35 - 44,178965,2019
North-East Asia,Taiwan,45 - 54,128729,2019
North-East Asia,Taiwan,55 - 64,92202,2019
North-East Asia,Taiwan,65 and Over,48970,2019
North-East Asia,Taiwan,Total,114275,2020
North-East Asia,Taiwan,Under 25,26648,2020
North-East Asia,Taiwan,25 - 34,20889,2020
North-East Asia,Taiwan,35 - 44,23921,2020
North-East Asia,Taiwan,45 - 54,19416,2020
North-East Asia,Taiwan,55 - 64,14323,2020
North-East Asia,Taiwan,65 and Over,9078,2020
Asia,Others in East Asia,Total,71666,2015
Asia,Others in East Asia,Under 25,13013,2015
Asia,Others in East Asia,25 - 34,17861,2015
Asia,Others in East Asia,35 - 44,17442,2015
Asia,Others in East Asia,45 - 54,14414,2015
Asia,Others in East Asia,55 - 64,7148,2015
Asia,Others in East Asia,65 and Over,1788,2015
Asia,Others in East Asia,Total,72401,2016
Asia,Others in East Asia,Under 25,17429,2016
Asia,Others in East Asia,25 - 34,25093,2016
Asia,Others in East Asia,35 - 44,12927,2016
Asia,Others in East Asia,45 - 54,8619,2016
Asia,Others in East Asia,55 - 64,6035,2016
Asia,Others in East Asia,65 and Over,2298,2016
Asia,Others in East Asia,Total,91918,2017
Asia,Others in East Asia,Under 25,19801,2017
Asia,Others in East Asia,25 - 34,27456,2017
Asia,Others in East Asia,35 - 44,17047,2017
Asia,Others in East Asia,45 - 54,13285,2017
Asia,Others in East Asia,55 - 64,9896,2017
Asia,Others in East Asia,65 and Over,4433,2017
Asia,Others in East Asia,Total,101921,2018
Asia,Others in East Asia,Under 25,21234,2018
Asia,Others in East Asia,25 - 34,29182,2018
Asia,Others in East Asia,35 - 44,20329,2018
Asia,Others in East Asia,45 - 54,15792,2018
Asia,Others in East Asia,55 - 64,10420,2018
Asia,Others in East Asia,65 and Over,4964,2018
Asia,Others in East Asia,Total,114938,2019
Asia,Others in East Asia,Under 25,24695,2019
Asia,Others in East Asia,25 - 34,33377,2019
Asia,Others in East Asia,35 - 44,22299,2019
Asia,Others in East Asia,45 - 54,16867,2019
Asia,Others in East Asia,55 - 64,11961,2019
Asia,Others in East Asia,65 and Over,5739,2019
Asia,Others in East Asia,Total,15299,2020
Asia,Others in East Asia,Under 25,3444,2020
Asia,Others in East Asia,25 - 34,4058,2020
Asia,Others in East Asia,35 - 44,3361,2020
Asia,Others in East Asia,45 - 54,2091,2020
Asia,Others in East Asia,55 - 64,1456,2020
Asia,Others in East Asia,65 and Over,889,2020
Western Europe,Austria,Total,94878,2015
Western Europe,Austria,Under 25,11383,2015
Western Europe,Austria,25 - 34,24551,2015
Western Europe,Austria,35 - 44,18605,2015
Western Europe,Austria,45 - 54,21675,2015
Western Europe,Austria,55 - 64,13010,2015
Western Europe,Austria,65 and Over,5654,2015
Western Europe,Austria,Total,97989,2016
Western Europe,Austria,Under 25,17980,2016
Western Europe,Austria,25 - 34,29068,2016
Western Europe,Austria,35 - 44,14171,2016
Western Europe,Austria,45 - 54,17249,2016
Western Europe,Austria,55 - 64,12475,2016
Western Europe,Austria,65 and Over,7046,2016
Western Europe,Austria,Total,104220,2017
Western Europe,Austria,Under 25,16922,2017
Western Europe,Austria,25 - 34,28732,2017
Western Europe,Austria,35 - 44,15457,2017
Western Europe,Austria,45 - 54,19683,2017
Western Europe,Austria,55 - 64,15249,2017
Western Europe,Austria,65 and Over,8177,2017
Western Europe,Austria,Total,114768,2018
Western Europe,Austria,Under 25,17788,2018
Western Europe,Austria,25 - 34,29427,2018
Western Europe,Austria,35 - 44,16638,2018
Western Europe,Austria,45 - 54,21729,2018
Western Europe,Austria,55 - 64,18292,2018
Western Europe,Austria,65 and Over,10894,2018
Western Europe,Austria,Total,110690,2019
Western Europe,Austria,Under 25,17281,2019
Western Europe,Austria,25 - 34,27862,2019
Western Europe,Austria,35 - 44,16293,2019
Western Europe,Austria,45 - 54,20634,2019
Western Europe,Austria,55 - 64,18798,2019
Western Europe,Austria,65 and Over,9822,2019
Western Europe,Austria,Total,34599,2020
Western Europe,Austria,Under 25,3783,2020
Western Europe,Austria,25 - 34,7730,2020
Western Europe,Austria,35 - 44,4841,2020
Western Europe,Austria,45 - 54,6538,2020
Western Europe,Austria,55 - 64,7367,2020
Western Europe,Austria,65 and Over,4340,2020
Western Europe,Belgium,Total,107695,2015
Western Europe,Belgium,Under 25,16133,2015
Western Europe,Belgium,25 - 34,23373,2015
Western Europe,Belgium,35 - 44,20206,2015
Western Europe,Belgium,45 - 54,24555,2015
Western Europe,Belgium,55 - 64,17127,2015
Western Europe,Belgium,65 and Over,6301,2015
Western Europe,Belgium,Total,112140,2016
Western Europe,Belgium,Under 25,22360,2016
Western Europe,Belgium,25 - 34,28987,2016
Western Europe,Belgium,35 - 44,16761,2016
Western Europe,Belgium,45 - 54,19519,2016
Western Europe,Belgium,55 - 64,16001,2016
Western Europe,Belgium,65 and Over,8512,2016
Western Europe,Belgium,Total,112635,2017
Western Europe,Belgium,Under 25,19293,2017
Western Europe,Belgium,25 - 34,28827,2017
Western Europe,Belgium,35 - 44,17274,2017
Western Europe,Belgium,45 - 54,21122,2017
Western Europe,Belgium,55 - 64,17091,2017
Western Europe,Belgium,65 and Over,9028,2017
Western Europe,Belgium,Total,116346,2018
Western Europe,Belgium,Under 25,19562,2018
Western Europe,Belgium,25 - 34,28804,2018
Western Europe,Belgium,35 - 44,17863,2018
Western Europe,Belgium,45 - 54,22154,2018
Western Europe,Belgium,55 - 64,18019,2018
Western Europe,Belgium,65 and Over,9944,2018
Western Europe,Belgium,Total,114016,2019
Western Europe,Belgium,Under 25,20860,2019
Western Europe,Belgium,25 - 34,27512,2019
Western Europe,Belgium,35 - 44,18341,2019
Western Europe,Belgium,45 - 54,20540,2019
Western Europe,Belgium,55 - 64,17299,2019
Western Europe,Belgium,65 and Over,9464,2019
Western Europe,Belgium,Total,25872,2020
Western Europe,Belgium,Under 25,2517,2020
Western Europe,Belgium,25 - 34,6041,2020
Western Europe,Belgium,35 - 44,3775,2020
Western Europe,Belgium,45 - 54,4870,2020
Western Europe,Belgium,55 - 64,5015,2020
Western Europe,Belgium,65 and Over,3654,2020
Western Europe,Denmark,Total,159420,2015
Western Europe,Denmark,Under 25,31712,2015
Western Europe,Denmark,25 - 34,27584,2015
Western Europe,Denmark,35 - 44,28220,2015
Western Europe,Denmark,45 - 54,31639,2015
Western Europe,Denmark,55 - 64,25200,2015
Western Europe,Denmark,65 and Over,15065,2015
Western Europe,Denmark,Total,163406,2016
Western Europe,Denmark,Under 25,44862,2016
Western Europe,Denmark,25 - 34,36433,2016
Western Europe,Denmark,35 - 44,23149,2016
Western Europe,Denmark,45 - 54,23445,2016
Western Europe,Denmark,55 - 64,18199,2016
Western Europe,Denmark,65 and Over,17318,2016
Western Europe,Denmark,Total,157923,2017
Western Europe,Denmark,Under 25,44015,2017
Western Europe,Denmark,25 - 34,29188,2017
Western Europe,Denmark,35 - 44,21988,2017
Western Europe,Denmark,45 - 54,24662,2017
Western Europe,Denmark,55 - 64,19963,2017
Western Europe,Denmark,65 and Over,18107,2017
Western Europe,Denmark,Total,170044,2018
Western Europe,Denmark,Under 25,47295,2018
Western Europe,Denmark,25 - 34,24469,2018
Western Europe,Denmark,35 - 44,21501,2018
Western Europe,Denmark,45 - 54,29145,2018
Western Europe,Denmark,55 - 64,25478,2018
Western Europe,Denmark,65 and Over,22156,2018
Western Europe,Denmark,Total,159526,2019
Western Europe,Denmark,Under 25,44115,2019
Western Europe,Denmark,25 - 34,23342,2019
Western Europe,Denmark,35 - 44,19214,2019
Western Europe,Denmark,45 - 54,26652,2019
Western Europe,Denmark,55 - 64,24454,2019
Western Europe,Denmark,65 and Over,21749,2019
Western Europe,Denmark,Total,62962,2020
Western Europe,Denmark,Under 25,16542,2020
Western Europe,Denmark,25 - 34,8545,2020
Western Europe,Denmark,35 - 44,7326,2020
Western Europe,Denmark,45 - 54,8948,2020
Western Europe,Denmark,55 - 64,11122,2020
Western Europe,Denmark,65 and Over,10479,2020
Nothern Europe,Finland,Total,135107,2015
Nothern Europe,Finland,Under 25,21447,2015
Nothern Europe,Finland,25 - 34,32649,2015
Nothern Europe,Finland,35 - 44,26869,2015
Nothern Europe,Finland,45 - 54,26283,2015
Nothern Europe,Finland,55 - 64,18387,2015
Nothern Europe,Finland,65 and Over,9472,2015
Nothern Europe,Finland,Total,131207,2016
Nothern Europe,Finland,Under 25,25095,2016
Nothern Europe,Finland,25 - 34,43471,2016
Nothern Europe,Finland,35 - 44,21858,2016
Nothern Europe,Finland,45 - 54,18659,2016
Nothern Europe,Finland,55 - 64,13255,2016
Nothern Europe,Finland,65 and Over,8869,2016
Nothern Europe,Finland,Total,138926,2017
Nothern Europe,Finland,Under 25,29158,2017
Nothern Europe,Finland,25 - 34,31385,2017
Nothern Europe,Finland,35 - 44,25228,2017
Nothern Europe,Finland,45 - 54,23087,2017
Nothern Europe,Finland,55 - 64,18204,2017
Nothern Europe,Finland,65 and Over,11864,2017
Nothern Europe,Finland,Total,135384,2018
Nothern Europe,Finland,Under 25,28255,2018
Nothern Europe,Finland,25 - 34,30627,2018
Nothern Europe,Finland,35 - 44,23356,2018
Nothern Europe,Finland,45 - 54,22932,2018
Nothern Europe,Finland,55 - 64,18470,2018
Nothern Europe,Finland,65 and Over,11744,2018
Nothern Europe,Finland,Total,125490,2019
Nothern Europe,Finland,Under 25,25838,2019
Nothern Europe,Finland,25 - 34,26476,2019
Nothern Europe,Finland,35 - 44,22314,2019
Nothern Europe,Finland,45 - 54,20900,2019
Nothern Europe,Finland,55 - 64,17757,2019
Nothern Europe,Finland,65 and Over,12205,2019
Nothern Europe,Finland,Total,57927,2020
Nothern Europe,Finland,Under 25,11012,2020
Nothern Europe,Finland,25 - 34,11481,2020
Nothern Europe,Finland,35 - 44,9594,2020
Nothern Europe,Finland,45 - 54,9788,2020
Nothern Europe,Finland,55 - 64,9723,2020
Nothern Europe,Finland,65 and Over,6329,2020
Western Europe,France,Total,648382,2015
Western Europe,France,Under 25,97328,2015
Western Europe,France,25 - 34,198029,2015
Western Europe,France,35 - 44,128412,2015
Western Europe,France,45 - 54,107730,2015
Western Europe,France,55 - 64,75367,2015
Western Europe,France,65 and Over,41516,2015
Western Europe,France,Total,697738,2016
Western Europe,France,Under 25,134875,2016
Western Europe,France,25 - 34,206420,2016
Western Europe,France,35 - 44,106726,2016
Western Europe,France,45 - 54,104279,2016
Western Europe,France,55 - 64,89033,2016
Western Europe,France,65 and Over,56405,2016
Western Europe,France,Total,693426,2017
Western Europe,France,Under 25,132902,2017
Western Europe,France,25 - 34,169077,2017
Western Europe,France,35 - 44,109040,2017
Western Europe,France,45 - 54,116532,2017
Western Europe,France,55 - 64,98802,2017
Western Europe,France,65 and Over,67073,2017
Western Europe,France,Total,724350,2018
Western Europe,France,Under 25,129147,2018
Western Europe,France,25 - 34,174903,2018
Western Europe,France,35 - 44,116135,2018
Western Europe,France,45 - 54,123860,2018
Western Europe,France,55 - 64,109123,2018
Western Europe,France,65 and Over,71182,2018
Western Europe,France,Total,713405,2019
Western Europe,France,Under 25,141291,2019
Western Europe,France,25 - 34,166971,2019
Western Europe,France,35 - 44,115016,2019
Western Europe,France,45 - 54,120481,2019
Western Europe,France,55 - 64,101220,2019
Western Europe,France,65 and Over,68426,2019
Western Europe,France,Total,231614,2020
Western Europe,France,Under 25,42896,2020
Western Europe,France,25 - 34,48552,2020
Western Europe,France,35 - 44,37905,2020
Western Europe,France,45 - 54,39504,2020
Western Europe,France,55 - 64,34133,2020
Western Europe,France,65 and Over,28624,2020
Europe,Ireland,Total,0,2015
Europe,Ireland,Under 25,0,2015
Europe,Ireland,25 - 34,0,2015
Europe,Ireland,35 - 44,0,2015
Europe,Ireland,45 - 54,0,2015
Europe,Ireland,55 - 64,0,2015
Europe,Ireland,65 and Over,0,2015
Europe,Ireland,Total,59557,2016
Europe,Ireland,Under 25,15786,2016
Europe,Ireland,25 - 34,22524,2016
Europe,Ireland,35 - 44,9015,2016
Europe,Ireland,45 - 54,5284,2016
Europe,Ireland,55 - 64,4618,2016
Europe,Ireland,65 and Over,2330,2016
Europe,Ireland,Total,59500,2017
Europe,Ireland,Under 25,13067,2017
Europe,Ireland,25 - 34,22620,2017
Europe,Ireland,35 - 44,9548,2017
Europe,Ireland,45 - 54,6297,2017
Europe,Ireland,55 - 64,5043,2017
Europe,Ireland,65 and Over,2925,2017
Europe,Ireland,Total,58677,2018
Europe,Ireland,Under 25,11415,2018
Europe,Ireland,25 - 34,20569,2018
Europe,Ireland,35 - 44,9707,2018
Europe,Ireland,45 - 54,7228,2018
Europe,Ireland,55 - 64,5957,2018
Europe,Ireland,65 and Over,3801,2018
Europe,Ireland,Total,54344,2019
Europe,Ireland,Under 25,10976,2019
Europe,Ireland,25 - 34,17390,2019
Europe,Ireland,35 - 44,8893,2019
Europe,Ireland,45 - 54,7428,2019
Europe,Ireland,55 - 64,5834,2019
Europe,Ireland,65 and Over,3823,2019
Europe,Ireland,Total,9714,2020
Europe,Ireland,Under 25,1016,2020
Europe,Ireland,25 - 34,3173,2020
Europe,Ireland,35 - 44,1784,2020
Europe,Ireland,45 - 54,1335,2020
Europe,Ireland,55 - 64,1346,2020
Europe,Ireland,65 and Over,1060,2020
Western Europe,Germany,Total,746135,2015
Western Europe,Germany,Under 25,95690,2015
Western Europe,Germany,25 - 34,207978,2015
Western Europe,Germany,35 - 44,137933,2015
Western Europe,Germany,45 - 54,152464,2015
Western Europe,Germany,55 - 64,100249,2015
Western Europe,Germany,65 and Over,51821,2015
Western Europe,Germany,Total,825496,2016
Western Europe,Germany,Under 25,142941,2016
Western Europe,Germany,25 - 34,237845,2016
Western Europe,Germany,35 - 44,114707,2016
Western Europe,Germany,45 - 54,153814,2016
Western Europe,Germany,55 - 64,111877,2016
Western Europe,Germany,65 and Over,64312,2016
Western Europe,Germany,Total,837318,2017
Western Europe,Germany,Under 25,141008,2017
Western Europe,Germany,25 - 34,223261,2017
Western Europe,Germany,35 - 44,118285,2017
Western Europe,Germany,45 - 54,156656,2017
Western Europe,Germany,55 - 64,126296,2017
Western Europe,Germany,65 and Over,71812,2017
Western Europe,Germany,Total,872185,2018
Western Europe,Germany,Under 25,141254,2018
Western Europe,Germany,25 - 34,222933,2018
Western Europe,Germany,35 - 44,123431,2018
Western Europe,Germany,45 - 54,162242,2018
Western Europe,Germany,55 - 64,144350,2018
Western Europe,Germany,65 and Over,77975,2018
Western Europe,Germany,Total,836926,2019
Western Europe,Germany,Under 25,136490,2019
Western Europe,Germany,25 - 34,199906,2019
Western Europe,Germany,35 - 44,126061,2019
Western Europe,Germany,45 - 54,152997,2019
Western Europe,Germany,55 - 64,141299,2019
Western Europe,Germany,65 and Over,80173,2019
Western Europe,Germany,Total,231260,2020
Western Europe,Germany,Under 25,27607,2020
Western Europe,Germany,25 - 34,53209,2020
Western Europe,Germany,35 - 44,34519,2020
Western Europe,Germany,45 - 54,38176,2020
Western Europe,Germany,55 - 64,47423,2020
Western Europe,Germany,65 and Over,30326,2020
Southern/Medit. Europe,Italy,Total,231429,2015
Southern/Medit. Europe,Italy,Under 25,26784,2015
Southern/Medit. Europe,Italy,25 - 34,62478,2015
Southern/Medit. Europe,Italy,35 - 44,56628,2015
Southern/Medit. Europe,Italy,45 - 54,46134,2015
Southern/Medit. Europe,Italy,55 - 64,26308,2015
Southern/Medit. Europe,Italy,65 and Over,13097,2015
Southern/Medit. Europe,Italy,Total,248903,2016
Southern/Medit. Europe,Italy,Under 25,34872,2016
Southern/Medit. Europe,Italy,25 - 34,78095,2016
Southern/Medit. Europe,Italy,35 - 44,49684,2016
Southern/Medit. Europe,Italy,45 - 54,39739,2016
Southern/Medit. Europe,Italy,55 - 64,28937,2016
Southern/Medit. Europe,Italy,65 and Over,17576,2016
Southern/Medit. Europe,Italy,Total,244982,2017
Southern/Medit. Europe,Italy,Under 25,29171,2017
Southern/Medit. Europe,Italy,25 - 34,75096,2017
Southern/Medit. Europe,Italy,35 - 44,51257,2017
Southern/Medit. Europe,Italy,45 - 54,43098,2017
Southern/Medit. Europe,Italy,55 - 64,28453,2017
Southern/Medit. Europe,Italy,65 and Over,17907,2017
Southern/Medit. Europe,Italy,Total,263515,2018
Southern/Medit. Europe,Italy,Under 25,30669,2018
Southern/Medit. Europe,Italy,25 - 34,78837,2018
Southern/Medit. Europe,Italy,35 - 44,54989,2018
Southern/Medit. Europe,Italy,45 - 54,48110,2018
Southern/Medit. Europe,Italy,55 - 64,32194,2018
Southern/Medit. Europe,Italy,65 and Over,18716,2018
Southern/Medit. Europe,Italy,Total,250870,2019
Southern/Medit. Europe,Italy,Under 25,30891,2019
Southern/Medit. Europe,Italy,25 - 34,73894,2019
Southern/Medit. Europe,Italy,35 - 44,51696,2019
Southern/Medit. Europe,Italy,45 - 54,45040,2019
Southern/Medit. Europe,Italy,55 - 64,30155,2019
Southern/Medit. Europe,Italy,65 and Over,19194,2019
Southern/Medit. Europe,Italy,Total,58327,2020
Southern/Medit. Europe,Italy,Under 25,6020,2020
Southern/Medit. Europe,Italy,25 - 34,13502,2020
Southern/Medit. Europe,Italy,35 - 44,10915,2020
Southern/Medit. Europe,Italy,45 - 54,11299,2020
Southern/Medit. Europe,Italy,55 - 64,9169,2020
Southern/Medit. Europe,Italy,65 and Over,7422,2020
Western Europe,Netherlands,Total,214945,2015
Western Europe,Netherlands,Under 25,34141,2015
Western Europe,Netherlands,25 - 34,51434,2015
Western Europe,Netherlands,35 - 44,34604,2015
Western Europe,Netherlands,45 - 54,46362,2015
Western Europe,Netherlands,55 - 64,33330,2015
Western Europe,Netherlands,65 and Over,15074,2015
Western Europe,Netherlands,Total,228443,2016
Western Europe,Netherlands,Under 25,56722,2016
Western Europe,Netherlands,25 - 34,58088,2016
Western Europe,Netherlands,35 - 44,28220,2016
Western Europe,Netherlands,45 - 54,36899,2016
Western Europe,Netherlands,55 - 64,29853,2016
Western Europe,Netherlands,65 and Over,18661,2016
Western Europe,Netherlands,Total,215433,2017
Western Europe,Netherlands,Under 25,47739,2017
Western Europe,Netherlands,25 - 34,53675,2017
Western Europe,Netherlands,35 - 44,27506,2017
Western Europe,Netherlands,45 - 54,36797,2017
Western Europe,Netherlands,55 - 64,31176,2017
Western Europe,Netherlands,65 and Over,18540,2017
Western Europe,Netherlands,Total,226618,2018
Western Europe,Netherlands,Under 25,48941,2018
Western Europe,Netherlands,25 - 34,54112,2018
Western Europe,Netherlands,35 - 44,28383,2018
Western Europe,Netherlands,45 - 54,39476,2018
Western Europe,Netherlands,55 - 64,34599,2018
Western Europe,Netherlands,65 and Over,21107,2018
Western Europe,Netherlands,Total,230006,2019
Western Europe,Netherlands,Under 25,53796,2019
Western Europe,Netherlands,25 - 34,53746,2019
Western Europe,Netherlands,35 - 44,29704,2019
Western Europe,Netherlands,45 - 54,38965,2019
Western Europe,Netherlands,55 - 64,33102,2019
Western Europe,Netherlands,65 and Over,20693,2019
Western Europe,Netherlands,Total,50441,2020
Western Europe,Netherlands,Under 25,6394,2020
Western Europe,Netherlands,25 - 34,11363,2020
Western Europe,Netherlands,35 - 44,6433,2020
Western Europe,Netherlands,45 - 54,7383,2020
Western Europe,Netherlands,55 - 64,10052,2020
Western Europe,Netherlands,65 and Over,8816,2020
Northern Europe,Norway,Total,138024,2015
Northern Europe,Norway,Under 25,26303,2015
Northern Europe,Norway,25 - 34,25605,2015
Northern Europe,Norway,35 - 44,23617,2015
Northern Europe,Norway,45 - 54,28128,2015
Northern Europe,Norway,55 - 64,21746,2015
Northern Europe,Norway,65 and Over,12625,2015
Northern Europe,Norway,Total,134335,2016
Northern Europe,Norway,Under 25,32647,2016
Northern Europe,Norway,25 - 34,27440,2016
Northern Europe,Norway,35 - 44,17661,2016
Northern Europe,Norway,45 - 54,22817,2016
Northern Europe,Norway,55 - 64,18684,2016
Northern Europe,Norway,65 and Over,15086,2016
Northern Europe,Norway,Total,130200,2017
Northern Europe,Norway,Under 25,31819,2017
Northern Europe,Norway,25 - 34,23752,2017
Northern Europe,Norway,35 - 44,17398,2017
Northern Europe,Norway,45 - 54,23513,2017
Northern Europe,Norway,55 - 64,18487,2017
Northern Europe,Norway,65 and Over,15231,2017
Northern Europe,Norway,Total,133020,2018
Northern Europe,Norway,Under 25,28835,2018
Northern Europe,Norway,25 - 34,22276,2018
Northern Europe,Norway,35 - 44,17348,2018
Northern Europe,Norway,45 - 54,24170,2018
Northern Europe,Norway,55 - 64,21892,2018
Northern Europe,Norway,65 and Over,18499,2018
Northern Europe,Norway,Total,130509,2019
Northern Europe,Norway,Under 25,29742,2019
Northern Europe,Norway,25 - 34,20890,2019
Northern Europe,Norway,35 - 44,17350,2019
Northern Europe,Norway,45 - 54,23291,2019
Northern Europe,Norway,55 - 64,21276,2019
Northern Europe,Norway,65 and Over,17960,2019
Northern Europe,Norway,Total,39082,2020
Northern Europe,Norway,Under 25,7347,2020
Northern Europe,Norway,25 - 34,6127,2020
Northern Europe,Norway,35 - 44,4552,2020
Northern Europe,Norway,45 - 54,6020,2020
Northern Europe,Norway,55 - 64,6849,2020
Northern Europe,Norway,65 and Over,8187,2020
Central/Eastern Europe,Russian,Total,877120,2015
Central/Eastern Europe,Russian,Under 25,129685,2015
Central/Eastern Europe,Russian,25 - 34,267261,2015
Central/Eastern Europe,Russian,35 - 44,204168,2015
Central/Eastern Europe,Russian,45 - 54,166328,2015
Central/Eastern Europe,Russian,55 - 64,90519,2015
Central/Eastern Europe,Russian,65 and Over,19159,2015
Central/Eastern Europe,Russian,Total,1085890,2016
Central/Eastern Europe,Russian,Under 25,176247,2016
Central/Eastern Europe,Russian,25 - 34,464199,2016
Central/Eastern Europe,Russian,35 - 44,204290,2016
Central/Eastern Europe,Russian,45 - 54,135442,2016
Central/Eastern Europe,Russian,55 - 64,80268,2016
Central/Eastern Europe,Russian,65 and Over,25444,2016
Central/Eastern Europe,Russian,Total,1340376,2017
Central/Eastern Europe,Russian,Under 25,267242,2017
Central/Eastern Europe,Russian,25 - 34,441498,2017
Central/Eastern Europe,Russian,35 - 44,296728,2017
Central/Eastern Europe,Russian,45 - 54,183254,2017
Central/Eastern Europe,Russian,55 - 64,112321,2017
Central/Eastern Europe,Russian,65 and Over,39333,2017
Central/Eastern Europe,Russian,Total,1466457,2018
Central/Eastern Europe,Russian,Under 25,279921,2018
Central/Eastern Europe,Russian,25 - 34,463916,2018
Central/Eastern Europe,Russian,35 - 44,333064,2018
Central/Eastern Europe,Russian,45 - 54,212841,2018
Central/Eastern Europe,Russian,55 - 64,129995,2018
Central/Eastern Europe,Russian,65 and Over,46720,2018
Central/Eastern Europe,Russian,Total,1481837,2019
Central/Eastern Europe,Russian,Under 25,292553,2019
Central/Eastern Europe,Russian,25 - 34,425900,2019
Central/Eastern Europe,Russian,35 - 44,352598,2019
Central/Eastern Europe,Russian,45 - 54,224005,2019
Central/Eastern Europe,Russian,55 - 64,138331,2019
Central/Eastern Europe,Russian,65 and Over,48450,2019
Central/Eastern Europe,Russian,Total,586381,2020
Central/Eastern Europe,Russian,Under 25,119059,2020
Central/Eastern Europe,Russian,25 - 34,163121,2020
Central/Eastern Europe,Russian,35 - 44,142001,2020
Central/Eastern Europe,Russian,45 - 54,88941,2020
Central/Eastern Europe,Russian,55 - 64,54043,2020
Central/Eastern Europe,Russian,65 and Over,19216,2020
Southern/Medit. Europe,Spain,Total,147380,2015
Southern/Medit. Europe,Spain,Under 25,16500,2015
Southern/Medit. Europe,Spain,25 - 34,54191,2015
Southern/Medit. Europe,Spain,35 - 44,39847,2015
Southern/Medit. Europe,Spain,45 - 54,21124,2015
Southern/Medit. Europe,Spain,55 - 64,11479,2015
Southern/Medit. Europe,Spain,65 and Over,4239,2015
Southern/Medit. Europe,Spain,Total,168264,2016
Southern/Medit. Europe,Spain,Under 25,22145,2016
Southern/Medit. Europe,Spain,25 - 34,66187,2016
Southern/Medit. Europe,Spain,35 - 44,40084,2016
Southern/Medit. Europe,Spain,45 - 54,20622,2016
Southern/Medit. Europe,Spain,55 - 64,13419,2016
Southern/Medit. Europe,Spain,65 and Over,5807,2016
Southern/Medit. Europe,Spain,Total,178954,2017
Southern/Medit. Europe,Spain,Under 25,20015,2017
Southern/Medit. Europe,Spain,25 - 34,65452,2017
Southern/Medit. Europe,Spain,35 - 44,44165,2017
Southern/Medit. Europe,Spain,45 - 54,25943,2017
Southern/Medit. Europe,Spain,55 - 64,16060,2017
Southern/Medit. Europe,Spain,65 and Over,7319,2017
Southern/Medit. Europe,Spain,Total,176597,2018
Southern/Medit. Europe,Spain,Under 25,19064,2018
Southern/Medit. Europe,Spain,25 - 34,63883,2018
Southern/Medit. Europe,Spain,35 - 44,43700,2018
Southern/Medit. Europe,Spain,45 - 54,26694,2018
Southern/Medit. Europe,Spain,55 - 64,16056,2018
Southern/Medit. Europe,Spain,65 and Over,7200,2018
Southern/Medit. Europe,Spain,Total,186969,2019
Southern/Medit. Europe,Spain,Under 25,24025,2019
Southern/Medit. Europe,Spain,25 - 34,66750,2019
Southern/Medit. Europe,Spain,35 - 44,42397,2019
Southern/Medit. Europe,Spain,45 - 54,28605,2019
Southern/Medit. Europe,Spain,55 - 64,16642,2019
Southern/Medit. Europe,Spain,65 and Over,8550,2019
Southern/Medit. Europe,Spain,Total,26499,2020
Southern/Medit. Europe,Spain,Under 25,2560,2020
Southern/Medit. Europe,Spain,25 - 34,8340,2020
Southern/Medit. Europe,Spain,35 - 44,6019,2020
Southern/Medit. Europe,Spain,45 - 54,4197,2020
Southern/Medit. Europe,Spain,55 - 64,3084,2020
Southern/Medit. Europe,Spain,65 and Over,2299,2020
Northern Europe,Sweden,Total,317792,2015
Northern Europe,Sweden,Under 25,70793,2015
Northern Europe,Sweden,25 - 34,61832,2015
Northern Europe,Sweden,35 - 44,58137,2015
Northern Europe,Sweden,45 - 54,59994,2015
Northern Europe,Sweden,55 - 64,39987,2015
Northern Europe,Sweden,65 and Over,27049,2015
Northern Europe,Sweden,Total,329070,2016
Northern Europe,Sweden,Under 25,87708,2016
Northern Europe,Sweden,25 - 34,87308,2016
Northern Europe,Sweden,35 - 44,47583,2016
Northern Europe,Sweden,45 - 54,44161,2016
Northern Europe,Sweden,55 - 64,34807,2016
Northern Europe,Sweden,65 and Over,27503,2016
Northern Europe,Sweden,Total,317797,2017
Northern Europe,Sweden,Under 25,84710,2017
Northern Europe,Sweden,25 - 34,61193,2017
Northern Europe,Sweden,35 - 44,49870,2017
Northern Europe,Sweden,45 - 54,51488,2017
Northern Europe,Sweden,55 - 64,38498,2017
Northern Europe,Sweden,65 and Over,32038,2017
Northern Europe,Sweden,Total,304206,2018
Northern Europe,Sweden,Under 25,74344,2018
Northern Europe,Sweden,25 - 34,50667,2018
Northern Europe,Sweden,35 - 44,39929,2018
Northern Europe,Sweden,45 - 54,53052,2018
Northern Europe,Sweden,55 - 64,47537,2018
Northern Europe,Sweden,65 and Over,38677,2018
Northern Europe,Sweden,Total,279451,2019
Northern Europe,Sweden,Under 25,66722,2019
Northern Europe,Sweden,25 - 34,45333,2019
Northern Europe,Sweden,35 - 44,37242,2019
Northern Europe,Sweden,45 - 54,49146,2019
Northern Europe,Sweden,55 - 64,44332,2019
Northern Europe,Sweden,65 and Over,36676,2019
Northern Europe,Sweden,Total,108921,2020
Northern Europe,Sweden,Under 25,25260,2020
Northern Europe,Sweden,25 - 34,17596,2020
Northern Europe,Sweden,35 - 44,14697,2020
Northern Europe,Sweden,45 - 54,17046,2020
Northern Europe,Sweden,55 - 64,17710,2020
Northern Europe,Sweden,65 and Over,16612,2020
Western Europe,Switzerland,Total,219967,2015
Western Europe,Switzerland,Under 25,28520,2015
Western Europe,Switzerland,25 - 34,49739,2015
Western Europe,Switzerland,35 - 44,38937,2015
Western Europe,Switzerland,45 - 54,49017,2015
Western Europe,Switzerland,55 - 64,36344,2015
Western Europe,Switzerland,65 and Over,17410,2015
Western Europe,Switzerland,Total,226412,2016
Western Europe,Switzerland,Under 25,42286,2016
Western Europe,Switzerland,25 - 34,58826,2016
Western Europe,Switzerland,35 - 44,32983,2016
Western Europe,Switzerland,45 - 54,37095,2016
Western Europe,Switzerland,55 - 64,32551,2016
Western Europe,Switzerland,65 and Over,22671,2016
Western Europe,Switzerland,Total,227152,2017
Western Europe,Switzerland,Under 25,40577,2017
Western Europe,Switzerland,25 - 34,57944,2017
Western Europe,Switzerland,35 - 44,32969,2017
Western Europe,Switzerland,45 - 54,38892,2017
Western Europe,Switzerland,55 - 64,33595,2017
Western Europe,Switzerland,65 and Over,23175,2017
Western Europe,Switzerland,Total,225985,2018
Western Europe,Switzerland,Under 25,38072,2018
Western Europe,Switzerland,25 - 34,51740,2018
Western Europe,Switzerland,35 - 44,33075,2018
Western Europe,Switzerland,45 - 54,40061,2018
Western Europe,Switzerland,55 - 64,37329,2018
Western Europe,Switzerland,65 and Over,25708,2018
Western Europe,Switzerland,Total,206087,2019
Western Europe,Switzerland,Under 25,34915,2019
Western Europe,Switzerland,25 - 34,45713,2019
Western Europe,Switzerland,35 - 44,30632,2019
Western Europe,Switzerland,45 - 54,36052,2019
Western Europe,Switzerland,55 - 64,34469,2019
Western Europe,Switzerland,65 and Over,24306,2019
Western Europe,Switzerland,Total,54006,2020
Western Europe,Switzerland,Under 25,6779,2020
Western Europe,Switzerland,25 - 34,11240,2020
Western Europe,Switzerland,35 - 44,7008,2020
Western Europe,Switzerland,45 - 54,8374,2020
Western Europe,Switzerland,55 - 64,10846,2020
Western Europe,Switzerland,65 and Over,9759,2020
Northern Europe,United Kingdom,Total,896591,2015
Northern Europe,United Kingdom,Under 25,137131,2015
Northern Europe,United Kingdom,25 - 34,223943,2015
Northern Europe,United Kingdom,35 - 44,158882,2015
Northern Europe,United Kingdom,45 - 54,179141,2015
Northern Europe,United Kingdom,55 - 64,128603,2015
Northern Europe,United Kingdom,65 and Over,68891,2015
Northern Europe,United Kingdom,Total,961471,2016
Northern Europe,United Kingdom,Under 25,193087,2016
Northern Europe,United Kingdom,25 - 34,251118,2016
Northern Europe,United Kingdom,35 - 44,137936,2016
Northern Europe,United Kingdom,45 - 54,158253,2016
Northern Europe,United Kingdom,55 - 64,131255,2016
Northern Europe,United Kingdom,65 and Over,89822,2016
Northern Europe,United Kingdom,Total,945061,2017
Northern Europe,United Kingdom,Under 25,177352,2017
Northern Europe,United Kingdom,25 - 34,240248,2017
Northern Europe,United Kingdom,35 - 44,137374,2017
Northern Europe,United Kingdom,45 - 54,162209,2017
Northern Europe,United Kingdom,55 - 64,136764,2017
Northern Europe,United Kingdom,65 and Over,91114,2017
Northern Europe,United Kingdom,Total,954404,2018
Northern Europe,United Kingdom,Under 25,161412,2018
Northern Europe,United Kingdom,25 - 34,226485,2018
Northern Europe,United Kingdom,35 - 44,142880,2018
Northern Europe,United Kingdom,45 - 54,173184,2018
Northern Europe,United Kingdom,55 - 64,148206,2018
Northern Europe,United Kingdom,65 and Over,102237,2018
Northern Europe,United Kingdom,Total,946774,2019
Northern Europe,United Kingdom,Under 25,166325,2019
Northern Europe,United Kingdom,25 - 34,207027,2019
Northern Europe,United Kingdom,35 - 44,141943,2019
Northern Europe,United Kingdom,45 - 54,166005,2019
Northern Europe,United Kingdom,55 - 64,155929,2019
Northern Europe,United Kingdom,65 and Over,109545,2019
Northern Europe,United Kingdom,Total,215861,2020
Northern Europe,United Kingdom,Under 25,24361,2020
Northern Europe,United Kingdom,25 - 34,45582,2020
Northern Europe,United Kingdom,35 - 44,32632,2020
Northern Europe,United Kingdom,45 - 54,34739,2020
Northern Europe,United Kingdom,55 - 64,43906,2020
Northern Europe,United Kingdom,65 and Over,34641,2020
East Europe,East Europe,Total,346352,2015
East Europe,East Europe,Under 25,47965,2015
East Europe,East Europe,25 - 34,108346,2015
East Europe,East Europe,35 - 44,90842,2015
East Europe,East Europe,45 - 54,58076,2015
East Europe,East Europe,55 - 64,33239,2015
East Europe,East Europe,65 and Over,7884,2015
East Europe,East Europe,Total,379153,2016
East Europe,East Europe,Under 25,73668,2016
East Europe,East Europe,25 - 34,139838,2016
East Europe,East Europe,35 - 44,79374,2016
East Europe,East Europe,45 - 54,47057,2016
East Europe,East Europe,55 - 64,28354,2016
East Europe,East Europe,65 and Over,10862,2016
East Europe,East Europe,Total,445521,2017
East Europe,East Europe,Under 25,70834,2017
East Europe,East Europe,25 - 34,162741,2017
East Europe,East Europe,35 - 44,102561,2017
East Europe,East Europe,45 - 54,61006,2017
East Europe,East Europe,55 - 64,35063,2017
East Europe,East Europe,65 and Over,13316,2017
East Europe,East Europe,Total,487669,2018
East Europe,East Europe,Under 25,77081,2018
East Europe,East Europe,25 - 34,164883,2018
East Europe,East Europe,35 - 44,112719,2018
East Europe,East Europe,45 - 54,74038,2018
East Europe,East Europe,55 - 64,42221,2018
East Europe,East Europe,65 and Over,16727,2018
East Europe,East Europe,Total,532911,2019
East Europe,East Europe,Under 25,85530,2019
East Europe,East Europe,25 - 34,166871,2019
East Europe,East Europe,35 - 44,125932,2019
East Europe,East Europe,45 - 54,87461,2019
East Europe,East Europe,55 - 64,47280,2019
East Europe,East Europe,65 and Over,19837,2019
East Europe,East Europe,Total,211106,2020
East Europe,East Europe,Under 25,33877,2020
East Europe,East Europe,25 - 34,56834,2020
East Europe,East Europe,35 - 44,50592,2020
East Europe,East Europe,45 - 54,39002,2020
East Europe,East Europe,55 - 64,20833,2020
East Europe,East Europe,65 and Over,9968,2020
Europe,Others in Europe,Total,195564,2015
Europe,Others in Europe,Under 25,28464,2015
Europe,Others in Europe,25 - 34,58043,2015
Europe,Others in Europe,35 - 44,47597,2015
Europe,Others in Europe,45 - 54,32844,2015
Europe,Others in Europe,55 - 64,20755,2015
Europe,Others in Europe,65 and Over,7861,2015
Europe,Others in Europe,Total,158924,2016
Europe,Others in Europe,Under 25,25571,2016
Europe,Others in Europe,25 - 34,52788,2016
Europe,Others in Europe,35 - 44,36239,2016
Europe,Others in Europe,45 - 54,24106,2016
Europe,Others in Europe,55 - 64,14020,2016
Europe,Others in Europe,65 and Over,6200,2016
Europe,Others in Europe,Total,172742,2017
Europe,Others in Europe,Under 25,21040,2017
Europe,Others in Europe,25 - 34,57601,2017
Europe,Others in Europe,35 - 44,41995,2017
Europe,Others in Europe,45 - 54,27540,2017
Europe,Others in Europe,55 - 64,16664,2017
Europe,Others in Europe,65 and Over,7902,2017
Europe,Others in Europe,Total,173470,2018
Europe,Others in Europe,Under 25,20891,2018
Europe,Others in Europe,25 - 34,56019,2018
Europe,Others in Europe,35 - 44,40834,2018
Europe,Others in Europe,45 - 54,28995,2018
Europe,Others in Europe,55 - 64,18028,2018
Europe,Others in Europe,65 and Over,8703,2018
Europe,Others in Europe,Total,171409,2019
Europe,Others in Europe,Under 25,21916,2019
Europe,Others in Europe,25 - 34,51832,2019
Europe,Others in Europe,35 - 44,40401,2019
Europe,Others in Europe,45 - 54,29357,2019
Europe,Others in Europe,55 - 64,18034,2019
Europe,Others in Europe,65 and Over,9869,2019
Europe,Others in Europe,Total,47166,2020
Europe,Others in Europe,Under 25,4881,2020
Europe,Others in Europe,25 - 34,13095,2020
Europe,Others in Europe,35 - 44,11483,2020
Europe,Others in Europe,45 - 54,8516,2020
Europe,Others in Europe,55 - 64,5903,2020
Europe,Others in Europe,65 and Over,3288,2020
America,Argentina,Total,28050,2015
America,Argentina,Under 25,2926,2015
America,Argentina,25 - 34,12596,2015
America,Argentina,35 - 44,5763,2015
America,Argentina,45 - 54,2687,2015
America,Argentina,55 - 64,2840,2015
America,Argentina,65 and Over,1238,2015
America,Argentina,Total,46390,2016
America,Argentina,Under 25,6110,2016
America,Argentina,25 - 34,22109,2016
America,Argentina,35 - 44,7816,2016
America,Argentina,45 - 54,3761,2016
America,Argentina,55 - 64,4053,2016
America,Argentina,65 and Over,2541,2016
America,Argentina,Total,62738,2017
America,Argentina,Under 25,6638,2017
America,Argentina,25 - 34,28956,2017
America,Argentina,35 - 44,11220,2017
America,Argentina,45 - 54,5795,2017
America,Argentina,55 - 64,6183,2017
America,Argentina,65 and Over,3946,2017
America,Argentina,Total,43485,2018
America,Argentina,Under 25,4930,2018
America,Argentina,25 - 34,19733,2018
America,Argentina,35 - 44,7728,2018
America,Argentina,45 - 54,4147,2018
America,Argentina,55 - 64,4344,2018
America,Argentina,65 and Over,2603,2018
America,Argentina,Total,28183,2019
America,Argentina,Under 25,3096,2019
America,Argentina,25 - 34,12227,2019
America,Argentina,35 - 44,5343,2019
America,Argentina,45 - 54,2842,2019
America,Argentina,55 - 64,2757,2019
America,Argentina,65 and Over,1918,2019
America,Argentina,Total,12461,2020
America,Argentina,Under 25,1762,2020
America,Argentina,25 - 34,4946,2020
America,Argentina,35 - 44,2491,2020
America,Argentina,45 - 54,1505,2020
America,Argentina,55 - 64,1209,2020
America,Argentina,65 and Over,548,2020
America,Brazil,Total,44414,2015
America,Brazil,Under 25,5184,2015
America,Brazil,25 - 34,17115,2015
America,Brazil,35 - 44,10069,2015
America,Brazil,45 - 54,5366,2015
America,Brazil,55 - 64,4994,2015
America,Brazil,65 and Over,1686,2015
America,Brazil,Total,63139,2016
America,Brazil,Under 25,9414,2016
America,Brazil,25 - 34,27989,2016
America,Brazil,35 - 44,12992,2016
America,Brazil,45 - 54,5546,2016
America,Brazil,55 - 64,4772,2016
America,Brazil,65 and Over,2426,2016
America,Brazil,Total,71349,2017
America,Brazil,Under 25,8202,2017
America,Brazil,25 - 34,29411,2017
America,Brazil,35 - 44,15696,2017
America,Brazil,45 - 54,7268,2017
America,Brazil,55 - 64,6826,2017
America,Brazil,65 and Over,3946,2017
America,Brazil,Total,57105,2018
America,Brazil,Under 25,6009,2018
America,Brazil,25 - 34,22535,2018
America,Brazil,35 - 44,12256,2018
America,Brazil,45 - 54,6825,2018
America,Brazil,55 - 64,5803,2018
America,Brazil,65 and Over,3677,2018
America,Brazil,Total,58970,2019
America,Brazil,Under 25,6488,2019
America,Brazil,25 - 34,23416,2019
America,Brazil,35 - 44,13451,2019
America,Brazil,45 - 54,6693,2019
America,Brazil,55 - 64,5320,2019
America,Brazil,65 and Over,3602,2019
America,Brazil,Total,18200,2020
America,Brazil,Under 25,2280,2020
America,Brazil,25 - 34,6136,2020
America,Brazil,35 - 44,4232,2020
America,Brazil,45 - 54,2219,2020
America,Brazil,55 - 64,2139,2020
America,Brazil,65 and Over,1194,2020
America,Canada,Total,210097,2015
America,Canada,Under 25,31644,2015
America,Canada,25 - 34,59492,2015
America,Canada,35 - 44,32175,2015
America,Canada,45 - 54,34772,2015
America,Canada,55 - 64,33275,2015
America,Canada,65 and Over,18739,2015
America,Canada,Total,222358,2016
America,Canada,Under 25,47357,2016
America,Canada,25 - 34,66322,2016
America,Canada,35 - 44,31059,2016
America,Canada,45 - 54,28541,2016
America,Canada,55 - 64,29691,2016
America,Canada,65 and Over,19388,2016
America,Canada,Total,227069,2017
America,Canada,Under 25,44993,2017
America,Canada,25 - 34,61983,2017
America,Canada,35 - 44,30762,2017
America,Canada,45 - 54,30572,2017
America,Canada,55 - 64,34194,2017
America,Canada,65 and Over,24565,2017
America,Canada,Total,252763,2018
America,Canada,Under 25,46792,2018
America,Canada,25 - 34,65351,2018
America,Canada,35 - 44,34385,2018
America,Canada,45 - 54,35964,2018
America,Canada,55 - 64,40383,2018
America,Canada,65 and Over,29888,2018
America,Canada,Total,252574,2019
America,Canada,Under 25,44590,2019
America,Canada,25 - 34,62790,2019
America,Canada,35 - 44,36491,2019
America,Canada,45 - 54,35626,2019
America,Canada,55 - 64,41513,2019
America,Canada,65 and Over,31564,2019
America,Canada,Total,55984,2020
America,Canada,Under 25,6529,2020
America,Canada,25 - 34,12833,2020
America,Canada,35 - 44,8987,2020
America,Canada,45 - 54,7466,2020
America,Canada,55 - 64,11209,2020
America,Canada,65 and Over,8960,2020
America,USA,Total,827110,2015
America,USA,Under 25,102185,2015
America,USA,25 - 34,212328,2015
America,USA,35 - 44,149646,2015
America,USA,45 - 54,147685,2015
America,USA,55 - 64,133227,2015
America,USA,65 and Over,82039,2015
America,USA,Total,938862,2016
America,USA,Under 25,165087,2016
America,USA,25 - 34,263367,2016
America,USA,35 - 44,144550,2016
America,USA,45 - 54,135090,2016
America,USA,55 - 64,127822,2016
America,USA,65 and Over,102946,2016
America,USA,Total,1006939,2017
America,USA,Under 25,170661,2017
America,USA,25 - 34,273691,2017
America,USA,35 - 44,158399,2017
America,USA,45 - 54,147578,2017
America,USA,55 - 64,143683,2017
America,USA,65 and Over,112927,2017
America,USA,Total,1096177,2018
America,USA,Under 25,172086,2018
America,USA,25 - 34,296737,2018
America,USA,35 - 44,177110,2018
America,USA,45 - 54,162073,2018
America,USA,55 - 64,156409,2018
America,USA,65 and Over,131762,2018
America,USA,Total,1136210,2019
America,USA,Under 25,173824,2019
America,USA,25 - 34,279986,2019
America,USA,35 - 44,188056,2019
America,USA,45 - 54,175753,2019
America,USA,55 - 64,170529,2019
America,USA,65 and Over,148062,2019
America,USA,Total,208608,2020
America,USA,Under 25,24246,2020
America,USA,25 - 34,52315,2020
America,USA,35 - 44,35953,2020
America,USA,45 - 54,29755,2020
America,USA,55 - 64,33029,2020
America,USA,65 and Over,33310,2020
America,Others in America,Total,59161,2015
America,Others in America,Under 25,12193,2015
America,Others in America,25 - 34,21443,2015
America,Others in America,35 - 44,10605,2015
America,Others in America,45 - 54,6960,2015
America,Others in America,55 - 64,5217,2015
America,Others in America,65 and Over,2743,2015
America,Others in America,Total,70724,2016
America,Others in America,Under 25,11471,2016
America,Others in America,25 - 34,30899,2016
America,Others in America,35 - 44,12859,2016
America,Others in America,45 - 54,6788,2016
America,Others in America,55 - 64,5640,2016
America,Others in America,65 and Over,3067,2016
America,Others in America,Total,80799,2017
America,Others in America,Under 25,10433,2017
America,Others in America,25 - 34,35499,2017
America,Others in America,35 - 44,15613,2017
America,Others in America,45 - 54,8478,2017
America,Others in America,55 - 64,6793,2017
America,Others in America,65 and Over,3983,2017
America,Others in America,Total,84478,2018
America,Others in America,Under 25,10152,2018
America,Others in America,25 - 34,36195,2018
America,Others in America,35 - 44,16355,2018
America,Others in America,45 - 54,9235,2018
America,Others in America,55 - 64,7679,2018
America,Others in America,65 and Over,4862,2018
America,Others in America,Total,83863,2019
America,Others in America,Under 25,9942,2019
America,Others in America,25 - 34,34806,2019
America,Others in America,35 - 44,16845,2019
America,Others in America,45 - 54,9332,2019
America,Others in America,55 - 64,7960,2019
America,Others in America,65 and Over,4978,2019
America,Others in America,Total,15997,2020
America,Others in America,Under 25,1900,2020
America,Others in America,25 - 34,6791,2020
America,Others in America,35 - 44,3320,2020
America,Others in America,45 - 54,1817,2020
America,Others in America,55 - 64,1404,2020
America,Others in America,65 and Over,765,2020
South Asia,Bangladesh,Total,109033,2015
South Asia,Bangladesh,Under 25,20336,2015
South Asia,Bangladesh,25 - 34,22622,2015
South Asia,Bangladesh,35 - 44,29160,2015
South Asia,Bangladesh,45 - 54,21795,2015
South Asia,Bangladesh,55 - 64,11584,2015
South Asia,Bangladesh,65 and Over,3536,2015
South Asia,Bangladesh,Total,103616,2016
South Asia,Bangladesh,Under 25,22433,2016
South Asia,Bangladesh,25 - 34,23112,2016
South Asia,Bangladesh,35 - 44,27284,2016
South Asia,Bangladesh,45 - 54,18128,2016
South Asia,Bangladesh,55 - 64,9174,2016
South Asia,Bangladesh,65 and Over,3485,2016
South Asia,Bangladesh,Total,125580,2017
South Asia,Bangladesh,Under 25,25900,2017
South Asia,Bangladesh,25 - 34,27553,2017
South Asia,Bangladesh,35 - 44,33134,2017
South Asia,Bangladesh,45 - 54,22790,2017
South Asia,Bangladesh,55 - 64,11834,2017
South Asia,Bangladesh,65 and Over,4369,2017
South Asia,Bangladesh,Total,125809,2018
South Asia,Bangladesh,Under 25,25095,2018
South Asia,Bangladesh,25 - 34,28289,2018
South Asia,Bangladesh,35 - 44,32331,2018
South Asia,Bangladesh,45 - 54,23295,2018
South Asia,Bangladesh,55 - 64,11898,2018
South Asia,Bangladesh,65 and Over,4901,2018
South Asia,Bangladesh,Total,139622,2019
South Asia,Bangladesh,Under 25,30153,2019
South Asia,Bangladesh,25 - 34,31750,2019
South Asia,Bangladesh,35 - 44,36583,2019
South Asia,Bangladesh,45 - 54,24451,2019
South Asia,Bangladesh,55 - 64,11701,2019
South Asia,Bangladesh,65 and Over,4984,2019
South Asia,Bangladesh,Total,22913,2020
South Asia,Bangladesh,Under 25,4382,2020
South Asia,Bangladesh,25 - 34,5499,2020
South Asia,Bangladesh,35 - 44,6261,2020
South Asia,Bangladesh,45 - 54,4251,2020
South Asia,Bangladesh,55 - 64,1979,2020
South Asia,Bangladesh,65 and Over,541,2020
South Asia,India,Total,1039395,2015
South Asia,India,Under 25,148746,2015
South Asia,India,25 - 34,300478,2015
South Asia,India,35 - 44,301032,2015
South Asia,India,45 - 54,177627,2015
South Asia,India,55 - 64,83470,2015
South Asia,India,65 and Over,28042,2015
South Asia,India,Total,1076970,2016
South Asia,India,Under 25,163110,2016
South Asia,India,25 - 34,346265,2016
South Asia,India,35 - 44,286570,2016
South Asia,India,45 - 54,164985,2016
South Asia,India,55 - 64,81825,2016
South Asia,India,65 and Over,34215,2016
South Asia,India,Total,1281681,2017
South Asia,India,Under 25,183606,2017
South Asia,India,25 - 34,399173,2017
South Asia,India,35 - 44,346460,2017
South Asia,India,45 - 54,205461,2017
South Asia,India,55 - 64,102494,2017
South Asia,India,65 and Over,44487,2017
South Asia,India,Total,1562878,2018
South Asia,India,Under 25,233076,2018
South Asia,India,25 - 34,474748,2018
South Asia,India,35 - 44,420795,2018
South Asia,India,45 - 54,248909,2018
South Asia,India,55 - 64,126879,2018
South Asia,India,65 and Over,58471,2018
South Asia,India,Total,1961069,2019
South Asia,India,Under 25,313019,2019
South Asia,India,25 - 34,602754,2019
South Asia,India,35 - 44,509361,2019
South Asia,India,45 - 54,299572,2019
South Asia,India,55 - 64,161544,2019
South Asia,India,65 and Over,74819,2019
South Asia,India,Total,265223,2020
South Asia,India,Under 25,37011,2020
South Asia,India,25 - 34,97627,2020
South Asia,India,35 - 44,65360,2020
South Asia,India,45 - 54,36390,2020
South Asia,India,55 - 64,20151,2020
South Asia,India,65 and Over,8684,2020
South Asia,Nepal,Total,33325,2015
South Asia,Nepal,Under 25,6627,2015
South Asia,Nepal,25 - 34,7980,2015
South Asia,Nepal,35 - 44,8411,2015
South Asia,Nepal,45 - 54,6189,2015
South Asia,Nepal,55 - 64,3393,2015
South Asia,Nepal,65 and Over,725,2015
South Asia,Nepal,Total,43170,2016
South Asia,Nepal,Under 25,7698,2016
South Asia,Nepal,25 - 34,12807,2016
South Asia,Nepal,35 - 44,11057,2016
South Asia,Nepal,45 - 54,7309,2016
South Asia,Nepal,55 - 64,3211,2016
South Asia,Nepal,65 and Over,1088,2016
South Asia,Nepal,Total,43782,2017
South Asia,Nepal,Under 25,7462,2017
South Asia,Nepal,25 - 34,12972,2017
South Asia,Nepal,35 - 44,11296,2017
South Asia,Nepal,45 - 54,7403,2017
South Asia,Nepal,55 - 64,3626,2017
South Asia,Nepal,65 and Over,1023,2017
South Asia,Nepal,Total,55482,2018
South Asia,Nepal,Under 25,9732,2018
South Asia,Nepal,25 - 34,15851,2018
South Asia,Nepal,35 - 44,14109,2018
South Asia,Nepal,45 - 54,9957,2018
South Asia,Nepal,55 - 64,4383,2018
South Asia,Nepal,65 and Over,1450,2018
South Asia,Nepal,Total,60428,2019
South Asia,Nepal,Under 25,9780,2019
South Asia,Nepal,25 - 34,16733,2019
South Asia,Nepal,35 - 44,15252,2019
South Asia,Nepal,45 - 54,11204,2019
South Asia,Nepal,55 - 64,5364,2019
South Asia,Nepal,65 and Over,2095,2019
South Asia,Nepal,Total,10396,2020
South Asia,Nepal,Under 25,1854,2020
South Asia,Nepal,25 - 34,2913,2020
South Asia,Nepal,35 - 44,2636,2020
South Asia,Nepal,45 - 54,1643,2020
South Asia,Nepal,55 - 64,929,2020
South Asia,Nepal,65 and Over,421,2020
South Asia,Pakistan,Total,76366,2015
South Asia,Pakistan,Under 25,10056,2015
South Asia,Pakistan,25 - 34,20835,2015
South Asia,Pakistan,35 - 44,22638,2015
South Asia,Pakistan,45 - 54,14622,2015
South Asia,Pakistan,55 - 64,6626,2015
South Asia,Pakistan,65 and Over,1589,2015
South Asia,Pakistan,Total,71720,2016
South Asia,Pakistan,Under 25,13198,2016
South Asia,Pakistan,25 - 34,23971,2016
South Asia,Pakistan,35 - 44,18192,2016
South Asia,Pakistan,45 - 54,10001,2016
South Asia,Pakistan,55 - 64,4850,2016
South Asia,Pakistan,65 and Over,1508,2016
South Asia,Pakistan,Total,76784,2017
South Asia,Pakistan,Under 25,13501,2017
South Asia,Pakistan,25 - 34,23902,2017
South Asia,Pakistan,35 - 44,19998,2017
South Asia,Pakistan,45 - 54,12047,2017
South Asia,Pakistan,55 - 64,5531,2017
South Asia,Pakistan,65 and Over,1805,2017
South Asia,Pakistan,Total,78256,2018
South Asia,Pakistan,Under 25,13837,2018
South Asia,Pakistan,25 - 34,25431,2018
South Asia,Pakistan,35 - 44,19461,2018
South Asia,Pakistan,45 - 54,11892,2018
South Asia,Pakistan,55 - 64,5720,2018
South Asia,Pakistan,65 and Over,1915,2018
South Asia,Pakistan,Total,71917,2019
South Asia,Pakistan,Under 25,13082,2019
South Asia,Pakistan,25 - 34,23153,2019
South Asia,Pakistan,35 - 44,18250,2019
South Asia,Pakistan,45 - 54,10695,2019
South Asia,Pakistan,55 - 64,4844,2019
South Asia,Pakistan,65 and Over,1893,2019
South Asia,Pakistan,Total,11519,2020
South Asia,Pakistan,Under 25,1926,2020
South Asia,Pakistan,25 - 34,3935,2020
South Asia,Pakistan,35 - 44,2668,2020
South Asia,Pakistan,45 - 54,1838,2020
South Asia,Pakistan,55 - 64,786,2020
South Asia,Pakistan,65 and Over,366,2020
South Asia,Sri Lanka,Total,75595,2015
South Asia,Sri Lanka,Under 25,12994,2015
South Asia,Sri Lanka,25 - 34,15465,2015
South Asia,Sri Lanka,35 - 44,19572,2015
South Asia,Sri Lanka,45 - 54,16619,2015
South Asia,Sri Lanka,55 - 64,8159,2015
South Asia,Sri Lanka,65 and Over,2786,2015
South Asia,Sri Lanka,Total,67876,2016
South Asia,Sri Lanka,Under 25,14651,2016
South Asia,Sri Lanka,25 - 34,15556,2016
South Asia,Sri Lanka,35 - 44,15269,2016
South Asia,Sri Lanka,45 - 54,11602,2016
South Asia,Sri Lanka,55 - 64,7440,2016
South Asia,Sri Lanka,65 and Over,3358,2016
South Asia,Sri Lanka,Total,63386,2017
South Asia,Sri Lanka,Under 25,11342,2017
South Asia,Sri Lanka,25 - 34,15350,2017
South Asia,Sri Lanka,35 - 44,14587,2017
South Asia,Sri Lanka,45 - 54,11690,2017
South Asia,Sri Lanka,55 - 64,6923,2017
South Asia,Sri Lanka,65 and Over,3494,2017
South Asia,Sri Lanka,Total,62697,2018
South Asia,Sri Lanka,Under 25,10333,2018
South Asia,Sri Lanka,25 - 34,14797,2018
South Asia,Sri Lanka,35 - 44,14040,2018
South Asia,Sri Lanka,45 - 54,12254,2018
South Asia,Sri Lanka,55 - 64,7566,2018
South Asia,Sri Lanka,65 and Over,3707,2018
South Asia,Sri Lanka,Total,70247,2019
South Asia,Sri Lanka,Under 25,10927,2019
South Asia,Sri Lanka,25 - 34,15438,2019
South Asia,Sri Lanka,35 - 44,16269,2019
South Asia,Sri Lanka,45 - 54,14950,2019
South Asia,Sri Lanka,55 - 64,8704,2019
South Asia,Sri Lanka,65 and Over,3959,2019
South Asia,Sri Lanka,Total,8375,2020
South Asia,Sri Lanka,Under 25,1259,2020
South Asia,Sri Lanka,25 - 34,2029,2020
South Asia,Sri Lanka,35 - 44,1918,2020
South Asia,Sri Lanka,45 - 54,1577,2020
South Asia,Sri Lanka,55 - 64,1139,2020
South Asia,Sri Lanka,65 and Over,453,2020
Asia,Others in Asia,Total,40578,2015
Asia,Others in Asia,Under 25,8120,2015
Asia,Others in Asia,25 - 34,9501,2015
Asia,Others in Asia,35 - 44,11279,2015
Asia,Others in Asia,45 - 54,7590,2015
Asia,Others in Asia,55 - 64,3339,2015
Asia,Others in Asia,65 and Over,749,2015
Asia,Others in Asia,Total,42282,2016
Asia,Others in Asia,Under 25,7976,2016
Asia,Others in Asia,25 - 34,13688,2016
Asia,Others in Asia,35 - 44,10940,2016
Asia,Others in Asia,45 - 54,6170,2016
Asia,Others in Asia,55 - 64,2672,2016
Asia,Others in Asia,65 and Over,836,2016
Asia,Others in Asia,Total,48315,2017
Asia,Others in Asia,Under 25,9938,2017
Asia,Others in Asia,25 - 34,15125,2017
Asia,Others in Asia,35 - 44,12002,2017
Asia,Others in Asia,45 - 54,7260,2017
Asia,Others in Asia,55 - 64,2949,2017
Asia,Others in Asia,65 and Over,1041,2017
Asia,Others in Asia,Total,50761,2018
Asia,Others in Asia,Under 25,9704,2018
Asia,Others in Asia,25 - 34,15851,2018
Asia,Others in Asia,35 - 44,12934,2018
Asia,Others in Asia,45 - 54,7738,2018
Asia,Others in Asia,55 - 64,3426,2018
Asia,Others in Asia,65 and Over,1108,2018
Asia,Others in Asia,Total,53694,2019
Asia,Others in Asia,Under 25,10202,2019
Asia,Others in Asia,25 - 34,15320,2019
Asia,Others in Asia,35 - 44,14079,2019
Asia,Others in Asia,45 - 54,8819,2019
Asia,Others in Asia,55 - 64,4049,2019
Asia,Others in Asia,65 and Over,1225,2019
Asia,Others in Asia,Total,8462,2020
Asia,Others in Asia,Under 25,1947,2020
Asia,Others in Asia,25 - 34,2358,2020
Asia,Others in Asia,35 - 44,1985,2020
Asia,Others in Asia,45 - 54,1220,2020
Asia,Others in Asia,55 - 64,671,2020
Asia,Others in Asia,65 and Over,281,2020
Oceania,Australia,Total,816053,2015
Oceania,Australia,Under 25,139202,2015
Oceania,Australia,25 - 34,183715,2015
Oceania,Australia,35 - 44,146554,2015
Oceania,Australia,45 - 54,163002,2015
Oceania,Australia,55 - 64,124820,2015
Oceania,Australia,65 and Over,58760,2015
Oceania,Australia,Total,813017,2016
Oceania,Australia,Under 25,146905,2016
Oceania,Australia,25 - 34,243476,2016
Oceania,Australia,35 - 44,133817,2016
Oceania,Australia,45 - 54,124937,2016
Oceania,Australia,55 - 64,100391,2016
Oceania,Australia,65 and Over,63491,2016
Oceania,Australia,Total,837485,2017
Oceania,Australia,Under 25,159703,2017
Oceania,Australia,25 - 34,179461,2017
Oceania,Australia,35 - 44,138895,2017
Oceania,Australia,45 - 54,144018,2017
Oceania,Australia,55 - 64,125976,2017
Oceania,Australia,65 and Over,89432,2017
Oceania,Australia,Total,802234,2018
Oceania,Australia,Under 25,155372,2018
Oceania,Australia,25 - 34,151460,2018
Oceania,Australia,35 - 44,130087,2018
Oceania,Australia,45 - 54,142786,2018
Oceania,Australia,55 - 64,129898,2018
Oceania,Australia,65 and Over,92631,2018
Oceania,Australia,Total,771798,2019
Oceania,Australia,Under 25,150430,2019
Oceania,Australia,25 - 34,140712,2019
Oceania,Australia,35 - 44,127995,2019
Oceania,Australia,45 - 54,140084,2019
Oceania,Australia,55 - 64,124605,2019
Oceania,Australia,65 and Over,87972,2019
Oceania,Australia,Total,123743,2020
Oceania,Australia,Under 25,26611,2020
Oceania,Australia,25 - 34,24052,2020
Oceania,Australia,35 - 44,20687,2020
Oceania,Australia,45 - 54,20756,2020
Oceania,Australia,55 - 64,18504,2020
Oceania,Australia,65 and Over,13133,2020
Oceania,New Zealand,Total,102271,2015
Oceania,New Zealand,Under 25,17925,2015
Oceania,New Zealand,25 - 34,24152,2015
Oceania,New Zealand,35 - 44,14874,2015
Oceania,New Zealand,45 - 54,21826,2015
Oceania,New Zealand,55 - 64,15729,2015
Oceania,New Zealand,65 and Over,7765,2015
Oceania,New Zealand,Total,99402,2016
Oceania,New Zealand,Under 25,24681,2016
Oceania,New Zealand,25 - 34,27730,2016
Oceania,New Zealand,35 - 44,13759,2016
Oceania,New Zealand,45 - 54,14174,2016
Oceania,New Zealand,55 - 64,11679,2016
Oceania,New Zealand,65 and Over,7379,2016
Oceania,New Zealand,Total,102328,2017
Oceania,New Zealand,Under 25,21176,2017
Oceania,New Zealand,25 - 34,24973,2017
Oceania,New Zealand,35 - 44,15167,2017
Oceania,New Zealand,45 - 54,16638,2017
Oceania,New Zealand,55 - 64,14404,2017
Oceania,New Zealand,65 and Over,9970,2017
Oceania,New Zealand,Total,100887,2018
Oceania,New Zealand,Under 25,19782,2018
Oceania,New Zealand,25 - 34,21670,2018
Oceania,New Zealand,35 - 44,14774,2018
Oceania,New Zealand,45 - 54,18300,2018
Oceania,New Zealand,55 - 64,14991,2018
Oceania,New Zealand,65 and Over,11370,2018
Oceania,New Zealand,Total,93740,2019
Oceania,New Zealand,Under 25,18362,2019
Oceania,New Zealand,25 - 34,17727,2019
Oceania,New Zealand,35 - 44,14405,2019
Oceania,New Zealand,45 - 54,17080,2019
Oceania,New Zealand,55 - 64,15554,2019
Oceania,New Zealand,65 and Over,10612,2019
Oceania,New Zealand,Total,13773,2020
Oceania,New Zealand,Under 25,3035,2020
Oceania,New Zealand,25 - 34,3112,2020
Oceania,New Zealand,35 - 44,2386,2020
Oceania,New Zealand,45 - 54,2102,2020
Oceania,New Zealand,55 - 64,1972,2020
Oceania,New Zealand,65 and Over,1166,2020
Oceania,Others in Oceania,Total,5562,2015
Oceania,Others in Oceania,Under 25,1260,2015
Oceania,Others in Oceania,25 - 34,690,2015
Oceania,Others in Oceania,35 - 44,1309,2015
Oceania,Others in Oceania,45 - 54,1217,2015
Oceania,Others in Oceania,55 - 64,769,2015
Oceania,Others in Oceania,65 and Over,317,2015
Oceania,Others in Oceania,Total,6119,2016
Oceania,Others in Oceania,Under 25,828,2016
Oceania,Others in Oceania,25 - 34,1189,2016
Oceania,Others in Oceania,35 - 44,1267,2016
Oceania,Others in Oceania,45 - 54,1304,2016
Oceania,Others in Oceania,55 - 64,1093,2016
Oceania,Others in Oceania,65 and Over,438,2016
Oceania,Others in Oceania,Total,7964,2017
Oceania,Others in Oceania,Under 25,985,2017
Oceania,Others in Oceania,25 - 34,1509,2017
Oceania,Others in Oceania,35 - 44,1692,2017
Oceania,Others in Oceania,45 - 54,1660,2017
Oceania,Others in Oceania,55 - 64,1389,2017
Oceania,Others in Oceania,65 and Over,729,2017
Oceania,Others in Oceania,Total,7917,2018
Oceania,Others in Oceania,Under 25,956,2018
Oceania,Others in Oceania,25 - 34,1534,2018
Oceania,Others in Oceania,35 - 44,1748,2018
Oceania,Others in Oceania,45 - 54,1657,2018
Oceania,Others in Oceania,55 - 64,1333,2018
Oceania,Others in Oceania,65 and Over,689,2018
Oceania,Others in Oceania,Total,8616,2019
Oceania,Others in Oceania,Under 25,1037,2019
Oceania,Others in Oceania,25 - 34,1442,2019
Oceania,Others in Oceania,35 - 44,2018,2019
Oceania,Others in Oceania,45 - 54,1800,2019
Oceania,Others in Oceania,55 - 64,1476,2019
Oceania,Others in Oceania,65 and Over,843,2019
Oceania,Others in Oceania,Total,1458,2020
Oceania,Others in Oceania,Under 25,183,2020
Oceania,Others in Oceania,25 - 34,243,2020
Oceania,Others in Oceania,35 - 44,307,2020
Oceania,Others in Oceania,45 - 54,313,2020
Oceania,Others in Oceania,55 - 64,264,2020
Oceania,Others in Oceania,65 and Over,148,2020
Middle East,Egypt,Total,22851,2015
Middle East,Egypt,Under 25,3948,2015
Middle East,Egypt,25 - 34,8356,2015
Middle East,Egypt,35 - 44,4822,2015
Middle East,Egypt,45 - 54,3179,2015
Middle East,Egypt,55 - 64,2026,2015
Middle East,Egypt,65 and Over,520,2015
Middle East,Egypt,Total,24913,2016
Middle East,Egypt,Under 25,5838,2016
Middle East,Egypt,25 - 34,9786,2016
Middle East,Egypt,35 - 44,5133,2016
Middle East,Egypt,45 - 54,2489,2016
Middle East,Egypt,55 - 64,1188,2016
Middle East,Egypt,65 and Over,479,2016
Middle East,Egypt,Total,19730,2017
Middle East,Egypt,Under 25,3528,2017
Middle East,Egypt,25 - 34,8404,2017
Middle East,Egypt,35 - 44,4179,2017
Middle East,Egypt,45 - 54,2017,2017
Middle East,Egypt,55 - 64,1159,2017
Middle East,Egypt,65 and Over,443,2017
Middle East,Egypt,Total,18161,2018
Middle East,Egypt,Under 25,3109,2018
Middle East,Egypt,25 - 34,7331,2018
Middle East,Egypt,35 - 44,3840,2018
Middle East,Egypt,45 - 54,2222,2018
Middle East,Egypt,55 - 64,1222,2018
Middle East,Egypt,65 and Over,437,2018
Middle East,Egypt,Total,19010,2019
Middle East,Egypt,Under 25,3111,2019
Middle East,Egypt,25 - 34,6942,2019
Middle East,Egypt,35 - 44,4568,2019
Middle East,Egypt,45 - 54,2391,2019
Middle East,Egypt,55 - 64,1354,2019
Middle East,Egypt,65 and Over,644,2019
Middle East,Egypt,Total,3084,2020
Middle East,Egypt,Under 25,506,2020
Middle East,Egypt,25 - 34,968,2020
Middle East,Egypt,35 - 44,702,2020
Middle East,Egypt,45 - 54,430,2020
Middle East,Egypt,55 - 64,283,2020
Middle East,Egypt,65 and Over,195,2020
Southern/Medit. Europe,Israel,Total,138499,2015
Southern/Medit. Europe,Israel,Under 25,30083,2015
Southern/Medit. Europe,Israel,25 - 34,26863,2015
Southern/Medit. Europe,Israel,35 - 44,29589,2015
Southern/Medit. Europe,Israel,45 - 54,24774,2015
Southern/Medit. Europe,Israel,55 - 64,19030,2015
Southern/Medit. Europe,Israel,65 and Over,8160,2015
Southern/Medit. Europe,Israel,Total,161254,2016
Southern/Medit. Europe,Israel,Under 25,49427,2016
Southern/Medit. Europe,Israel,25 - 34,40036,2016
Southern/Medit. Europe,Israel,35 - 44,24130,2016
Southern/Medit. Europe,Israel,45 - 54,20600,2016
Southern/Medit. Europe,Israel,55 - 64,16962,2016
Southern/Medit. Europe,Israel,65 and Over,10099,2016
Southern/Medit. Europe,Israel,Total,174815,2017
Southern/Medit. Europe,Israel,Under 25,51433,2017
Southern/Medit. Europe,Israel,25 - 34,37961,2017
Southern/Medit. Europe,Israel,35 - 44,27359,2017
Southern/Medit. Europe,Israel,45 - 54,26004,2017
Southern/Medit. Europe,Israel,55 - 64,18565,2017
Southern/Medit. Europe,Israel,65 and Over,13493,2017
Southern/Medit. Europe,Israel,Total,185366,2018
Southern/Medit. Europe,Israel,Under 25,53039,2018
Southern/Medit. Europe,Israel,25 - 34,41993,2018
Southern/Medit. Europe,Israel,35 - 44,28188,2018
Southern/Medit. Europe,Israel,45 - 54,27271,2018
Southern/Medit. Europe,Israel,55 - 64,20434,2018
Southern/Medit. Europe,Israel,65 and Over,14441,2018
Southern/Medit. Europe,Israel,Total,194081,2019
Southern/Medit. Europe,Israel,Under 25,63480,2019
Southern/Medit. Europe,Israel,25 - 34,42391,2019
Southern/Medit. Europe,Israel,35 - 44,27107,2019
Southern/Medit. Europe,Israel,45 - 54,27798,2019
Southern/Medit. Europe,Israel,55 - 64,19224,2019
Southern/Medit. Europe,Israel,65 and Over,14081,2019
Southern/Medit. Europe,Israel,Total,29568,2020
Southern/Medit. Europe,Israel,Under 25,7286,2020
Southern/Medit. Europe,Israel,25 - 34,6200,2020
Southern/Medit. Europe,Israel,35 - 44,4797,2020
Southern/Medit. Europe,Israel,45 - 54,4832,2020
Southern/Medit. Europe,Israel,55 - 64,3668,2020
Southern/Medit. Europe,Israel,65 and Over,2785,2020
Middle East,Kuwait,Total,72830,2015
Middle East,Kuwait,Under 25,16772,2015
Middle East,Kuwait,25 - 34,17286,2015
Middle East,Kuwait,35 - 44,15865,2015
Middle East,Kuwait,45 - 54,14244,2015
Middle East,Kuwait,55 - 64,6568,2015
Middle East,Kuwait,65 and Over,2095,2015
Middle East,Kuwait,Total,68168,2016
Middle East,Kuwait,Under 25,23994,2016
Middle East,Kuwait,25 - 34,18930,2016
Middle East,Kuwait,35 - 44,11124,2016
Middle East,Kuwait,45 - 54,8379,2016
Middle East,Kuwait,55 - 64,3987,2016
Middle East,Kuwait,65 and Over,1754,2016
Middle East,Kuwait,Total,80895,2017
Middle East,Kuwait,Under 25,25177,2017
Middle East,Kuwait,25 - 34,23202,2017
Middle East,Kuwait,35 - 44,14097,2017
Middle East,Kuwait,45 - 54,10256,2017
Middle East,Kuwait,55 - 64,5819,2017
Middle East,Kuwait,65 and Over,2344,2017
Middle East,Kuwait,Total,77365,2018
Middle East,Kuwait,Under 25,22042,2018
Middle East,Kuwait,25 - 34,22047,2018
Middle East,Kuwait,35 - 44,14286,2018
Middle East,Kuwait,45 - 54,10364,2018
Middle East,Kuwait,55 - 64,6070,2018
Middle East,Kuwait,65 and Over,2556,2018
Middle East,Kuwait,Total,84504,2019
Middle East,Kuwait,Under 25,24884,2019
Middle East,Kuwait,25 - 34,21595,2019
Middle East,Kuwait,35 - 44,15519,2019
Middle East,Kuwait,45 - 54,11607,2019
Middle East,Kuwait,55 - 64,7329,2019
Middle East,Kuwait,65 and Over,3570,2019
Middle East,Kuwait,Total,11149,2020
Middle East,Kuwait,Under 25,2850,2020
Middle East,Kuwait,25 - 34,2817,2020
Middle East,Kuwait,35 - 44,2255,2020
Middle East,Kuwait,45 - 54,1672,2020
Middle East,Kuwait,55 - 64,1043,2020
Middle East,Kuwait,65 and Over,512,2020
Middle East,Saudi Arabia,Total,25153,2015
Middle East,Saudi Arabia,Under 25,5286,2015
Middle East,Saudi Arabia,25 - 34,7983,2015
Middle East,Saudi Arabia,35 - 44,5105,2015
Middle East,Saudi Arabia,45 - 54,4284,2015
Middle East,Saudi Arabia,55 - 64,1909,2015
Middle East,Saudi Arabia,65 and Over,586,2015
Middle East,Saudi Arabia,Total,33038,2016
Middle East,Saudi Arabia,Under 25,7550,2016
Middle East,Saudi Arabia,25 - 34,12620,2016
Middle East,Saudi Arabia,35 - 44,6964,2016
Middle East,Saudi Arabia,45 - 54,3533,2016
Middle East,Saudi Arabia,55 - 64,1804,2016
Middle East,Saudi Arabia,65 and Over,567,2016
Middle East,Saudi Arabia,Total,42610,2017
Middle East,Saudi Arabia,Under 25,8442,2017
Middle East,Saudi Arabia,25 - 34,17143,2017
Middle East,Saudi Arabia,35 - 44,9038,2017
Middle East,Saudi Arabia,45 - 54,4745,2017
Middle East,Saudi Arabia,55 - 64,2431,2017
Middle East,Saudi Arabia,65 and Over,811,2017
Middle East,Saudi Arabia,Total,35090,2018
Middle East,Saudi Arabia,Under 25,6454,2018
Middle East,Saudi Arabia,25 - 34,13437,2018
Middle East,Saudi Arabia,35 - 44,7817,2018
Middle East,Saudi Arabia,45 - 54,4210,2018
Middle East,Saudi Arabia,55 - 64,2397,2018
Middle East,Saudi Arabia,65 and Over,775,2018
Middle East,Saudi Arabia,Total,36783,2019
Middle East,Saudi Arabia,Under 25,7287,2019
Middle East,Saudi Arabia,25 - 34,13418,2019
Middle East,Saudi Arabia,35 - 44,8319,2019
Middle East,Saudi Arabia,45 - 54,4599,2019
Middle East,Saudi Arabia,55 - 64,2437,2019
Middle East,Saudi Arabia,65 and Over,723,2019
Middle East,Saudi Arabia,Total,6372,2020
Middle East,Saudi Arabia,Under 25,1140,2020
Middle East,Saudi Arabia,25 - 34,2212,2020
Middle East,Saudi Arabia,35 - 44,1641,2020
Middle East,Saudi Arabia,45 - 54,809,2020
Middle East,Saudi Arabia,55 - 64,448,2020
Middle East,Saudi Arabia,65 and Over,122,2020
Middle East,United Arab Emirates,Total,171516,2015
Middle East,United Arab Emirates,Under 25,30774,2015
Middle East,United Arab Emirates,25 - 34,51142,2015
Middle East,United Arab Emirates,35 - 44,42250,2015
Middle East,United Arab Emirates,45 - 54,28950,2015
Middle East,United Arab Emirates,55 - 64,14283,2015
Middle East,United Arab Emirates,65 and Over,4117,2015
Middle East,United Arab Emirates,Total,187665,2016
Middle East,United Arab Emirates,Under 25,53041,2016
Middle East,United Arab Emirates,25 - 34,56180,2016
Middle East,United Arab Emirates,35 - 44,38943,2016
Middle East,United Arab Emirates,45 - 54,22238,2016
Middle East,United Arab Emirates,55 - 64,12018,2016
Middle East,United Arab Emirates,65 and Over,5245,2016
Middle East,United Arab Emirates,Total,199475,2017
Middle East,United Arab Emirates,Under 25,57138,2017
Middle East,United Arab Emirates,25 - 34,56174,2017
Middle East,United Arab Emirates,35 - 44,43417,2017
Middle East,United Arab Emirates,45 - 54,23811,2017
Middle East,United Arab Emirates,55 - 64,12884,2017
Middle East,United Arab Emirates,65 and Over,6051,2017
Middle East,United Arab Emirates,Total,151137,2018
Middle East,United Arab Emirates,Under 25,40106,2018
Middle East,United Arab Emirates,25 - 34,42137,2018
Middle East,United Arab Emirates,35 - 44,33328,2018
Middle East,United Arab Emirates,45 - 54,19370,2018
Middle East,United Arab Emirates,55 - 64,11105,2018
Middle East,United Arab Emirates,65 and Over,5091,2018
Middle East,United Arab Emirates,Total,145530,2019
Middle East,United Arab Emirates,Under 25,38722,2019
Middle East,United Arab Emirates,25 - 34,37898,2019
Middle East,United Arab Emirates,35 - 44,32918,2019
Middle East,United Arab Emirates,45 - 54,19643,2019
Middle East,United Arab Emirates,55 - 64,11272,2019
Middle East,United Arab Emirates,65 and Over,5077,2019
Middle East,United Arab Emirates,Total,9550,2020
Middle East,United Arab Emirates,Under 25,1493,2020
Middle East,United Arab Emirates,25 - 34,2987,2020
Middle East,United Arab Emirates,35 - 44,2510,2020
Middle East,United Arab Emirates,45 - 54,1263,2020
Middle East,United Arab Emirates,55 - 64,914,2020
Middle East,United Arab Emirates,65 and Over,383,2020
Middle East,Others in Middle East,Total,289942,2015
Middle East,Others in Middle East,Under 25,50423,2015
Middle East,Others in Middle East,25 - 34,81332,2015
Middle East,Others in Middle East,35 - 44,69683,2015
Middle East,Others in Middle East,45 - 54,53814,2015
Middle East,Others in Middle East,55 - 64,26829,2015
Middle East,Others in Middle East,65 and Over,7861,2015
Middle East,Others in Middle East,Total,346420,2016
Middle East,Others in Middle East,Under 25,81380,2016
Middle East,Others in Middle East,25 - 34,116673,2016
Middle East,Others in Middle East,35 - 44,71900,2016
Middle East,Others in Middle East,45 - 54,43376,2016
Middle East,Others in Middle East,55 - 64,23780,2016
Middle East,Others in Middle East,65 and Over,9311,2016
Middle East,Others in Middle East,Total,357518,2017
Middle East,Others in Middle East,Under 25,72753,2017
Middle East,Others in Middle East,25 - 34,120967,2017
Middle East,Others in Middle East,35 - 44,80744,2017
Middle East,Others in Middle East,45 - 54,45980,2017
Middle East,Others in Middle East,55 - 64,26193,2017
Middle East,Others in Middle East,65 and Over,10881,2017
Middle East,Others in Middle East,Total,300677,2018
Middle East,Others in Middle East,Under 25,63329,2018
Middle East,Others in Middle East,25 - 34,93398,2018
Middle East,Others in Middle East,35 - 44,67977,2018
Middle East,Others in Middle East,45 - 54,40920,2018
Middle East,Others in Middle East,55 - 64,25019,2018
Middle East,Others in Middle East,65 and Over,10034,2018
Middle East,Others in Middle East,Total,247410,2019
Middle East,Others in Middle East,Under 25,52837,2019
Middle East,Others in Middle East,25 - 34,72786,2019
Middle East,Others in Middle East,35 - 44,58575,2019
Middle East,Others in Middle East,45 - 54,33114,2019
Middle East,Others in Middle East,55 - 64,20761,2019
Middle East,Others in Middle East,65 and Over,9337,2019
Middle East,Others in Middle East,Total,25507,2020
Middle East,Others in Middle East,Under 25,3918,2020
Middle East,Others in Middle East,25 - 34,7292,2020
Middle East,Others in Middle East,35 - 44,6625,2020
Middle East,Others in Middle East,45 - 54,3873,2020
Middle East,Others in Middle East,55 - 64,2547,2020
Middle East,Others in Middle East,65 and Over,1252,2020
Africa,South Africa,Total,74397,2015
Africa,South Africa,Under 25,12599,2015
Africa,South Africa,25 - 34,22119,2015
Africa,South Africa,35 - 44,14934,2015
Africa,South Africa,45 - 54,13612,2015
Africa,South Africa,55 - 64,8514,2015
Africa,South Africa,65 and Over,2619,2015
Africa,South Africa,Total,76541,2016
Africa,South Africa,Under 25,17431,2016
Africa,South Africa,25 - 34,31767,2016
Africa,South Africa,35 - 44,12405,2016
Africa,South Africa,45 - 54,7869,2016
Africa,South Africa,55 - 64,5052,2016
Africa,South Africa,65 and Over,2017,2016
Africa,South Africa,Total,91182,2017
Africa,South Africa,Under 25,16997,2017
Africa,South Africa,25 - 34,30128,2017
Africa,South Africa,35 - 44,17210,2017
Africa,South Africa,45 - 54,13168,2017
Africa,South Africa,55 - 64,9531,2017
Africa,South Africa,65 and Over,4148,2017
Africa,South Africa,Total,97071,2018
Africa,South Africa,Under 25,15704,2018
Africa,South Africa,25 - 34,27166,2018
Africa,South Africa,35 - 44,19197,2018
Africa,South Africa,45 - 54,17091,2018
Africa,South Africa,55 - 64,12605,2018
Africa,South Africa,65 and Over,5308,2018
Africa,South Africa,Total,89750,2019
Africa,South Africa,Under 25,14679,2019
Africa,South Africa,25 - 34,23552,2019
Africa,South Africa,35 - 44,18406,2019
Africa,South Africa,45 - 54,15470,2019
Africa,South Africa,55 - 64,11598,2019
Africa,South Africa,65 and Over,6045,2019
Africa,South Africa,Total,9692,2020
Africa,South Africa,Under 25,1569,2020
Africa,South Africa,25 - 34,2753,2020
Africa,South Africa,35 - 44,1959,2020
Africa,South Africa,45 - 54,1638,2020
Africa,South Africa,55 - 64,1169,2020
Africa,South Africa,65 and Over,604,2020
Africa,Others in Africa,Total,90277,2015
Africa,Others in Africa,Under 25,21028,2015
Africa,Others in Africa,25 - 34,21878,2015
Africa,Others in Africa,35 - 44,21837,2015
Africa,Others in Africa,45 - 54,14004,2015
Africa,Others in Africa,55 - 64,8453,2015
Africa,Others in Africa,65 and Over,3077,2015
Africa,Others in Africa,Total,96193,2016
Africa,Others in Africa,Under 25,15724,2016
Africa,Others in Africa,25 - 34,27569,2016
Africa,Others in Africa,35 - 44,22079,2016
Africa,Others in Africa,45 - 54,15664,2016
Africa,Others in Africa,55 - 64,10165,2016
Africa,Others in Africa,65 and Over,4992,2016
Africa,Others in Africa,Total,101112,2017
Africa,Others in Africa,Under 25,16773,2017
Africa,Others in Africa,25 - 34,29918,2017
Africa,Others in Africa,35 - 44,23331,2017
Africa,Others in Africa,45 - 54,16093,2017
Africa,Others in Africa,55 - 64,10251,2017
Africa,Others in Africa,65 and Over,4746,2017
Africa,Others in Africa,Total,103257,2018
Africa,Others in Africa,Under 25,15995,2018
Africa,Others in Africa,25 - 34,30430,2018
Africa,Others in Africa,35 - 44,24430,2018
Africa,Others in Africa,45 - 54,16420,2018
Africa,Others in Africa,55 - 64,10603,2018
Africa,Others in Africa,65 and Over,5379,2018
Africa,Others in Africa,Total,107069,2019
Africa,Others in Africa,Under 25,16530,2019
Africa,Others in Africa,25 - 34,30640,2019
Africa,Others in Africa,35 - 44,26042,2019
Africa,Others in Africa,45 - 54,17752,2019
Africa,Others in Africa,55 - 64,11108,2019
Africa,Others in Africa,65 and Over,4997,2019
Africa,Others in Africa,Total,15371,2020
Africa,Others in Africa,Under 25,2203,2020
Africa,Others in Africa,25 - 34,4373,2020
Africa,Others in Africa,35 - 44,3785,2020
Africa,Others in Africa,45 - 54,2434,2020
Africa,Others in Africa,55 - 64,1580,2020
Africa,Others in Africa,65 and Over,996,2020
