Country of Residence,Mode of Transport,Year,No of Arrival by mode of transport,,,,
        Brunai,Air,2015,16531,,,Air,153431543
        Brunai,Land,2015,836,,,Land,26021700
        Brunai,Waterway,2015,66,,,Waterway,3411146
        Cambodia,Air,2015,126726,,,,
        Cambodia,Land,2015,378561,,,,
        Cambodia,Waterway,2015,39531,,,,
        Indonesia,Air,2015,383367,,,,
        Indonesia,Land,2015,83459,,,,
        Indonesia,Waterway,2015,3994,,,,
        Laos,Air,2015,40343,,,,
        Laos,Land,2015,1085328,,,,
        Laos,Waterway,2015,104850,,,,
        Malaysia,Air,2015,1100134,,,,
        Malaysia,Land,2015,2204570,,,,
        Malaysia,Waterway,2015,102849,,,,
        Myanmar,Air,2015,258139,,,,
        Myanmar,Land,2015,4977,,,,
        Myanmar,Waterway,2015,306,,,,
        Philippines,Air,2015,244407,,,,
        Philippines,Land,2015,54312,,,,
        Philippines,Waterway,2015,2578,,,,
        Singapore,Air,2015,1029014,,,,
        Singapore,Land,2015,43002,,,,
        Singapore,Waterway,2015,2739,,,,
        Vietnam,Air,2015,487173,,,,
        Vietnam,Land,2015,231782,,,,
        Vietnam,Waterway,2015,48688,,,,
    China,Air,2015,7875920,,,,
    China,Land,2015,58102,,,,
    China,Waterway,2015,47385,,,,
    Hong Kong,Air,2015,704041,,,,
    Hong Kong,Land,2015,3468,,,,
    Hong Kong,Waterway,2015,926,,,,
    Japan,Air,2015,1313973,,,,
    Japan,Land,2015,31764,,,,
    Japan,Waterway,2015,3651,,,,
    Korea,Air,2015,1301707,,,,
    Korea,Land,2015,51043,,,,
    Korea,Waterway,2015,6461,,,,
    Taiwan,Air,2015,538988,,,,
    Taiwan,Land,2015,5911,,,,
    Taiwan,Waterway,2015,661,,,,
    Others in East Asia,Air,2015,70593,,,,
    Others in East Asia,Land,2015,884,,,,
    Others in East Asia,Waterway,2015,189,,,,
    Austria,Air,2015,90504,,,,
    Austria,Land,2015,3067,,,,
    Austria,Waterway,2015,1307,,,,
    Belgium,Air,2015,100804,,,,
    Belgium,Land,2015,5353,,,,
    Belgium,Waterway,2015,1538,,,,
    Denmark,Air,2015,153661,,,,
    Denmark,Land,2015,4334,,,,
    Denmark,Waterway,2015,1425,,,,
    Finland,Air,2015,131099,,,,
    Finland,Land,2015,2718,,,,
    Finland,Waterway,2015,1290,,,,
    France,Air,2015,594355,,,,
    France,Land,2015,44186,,,,
    France,Waterway,2015,9841,,,,
    Germany,Air,2015,704663,,,,
    Germany,Land,2015,28875,,,,
    Germany,Waterway,2015,12597,,,,
    Ireland,Air,2015,54877,,,,
    Ireland,Land,2015,3049,,,,
    Ireland,Waterway,2015,614,,,,
    Italy,Air,2015,219654,,,,
    Italy,Land,2015,8937,,,,
    Italy,Waterway,2015,2838,,,,
    Netherlands,Air,2015,201293,,,,
    Netherlands,Land,2015,9600,,,,
    Netherlands,Waterway,2015,4052,,,,
    Norway,Air,2015,133711,,,,
    Norway,Land,2015,3307,,,,
    Norway,Waterway,2015,1006,,,,
    Russian,Air,2015,823410,,,,
    Russian,Land,2015,49094,,,,
    Russian,Waterway,2015,4616,,,,
    Spain,Air,2015,139672,,,,
    Spain,Land,2015,6007,,,,
    Spain,Waterway,2015,1701,,,,
    Sweden,Air,2015,307565,,,,
    Sweden,Land,2015,7009,,,,
    Sweden,Waterway,2015,3218,,,,
    Switzerland,Air,2015,209739,,,,
    Switzerland,Land,2015,7418,,,,
    Switzerland,Waterway,2015,2810,,,,
    United Kingdom,Air,2015,845870,,,,
    United Kingdom,Land,2015,38559,,,,
    United Kingdom,Waterway,2015,12162,,,,
    East Europe,Air,2015,320690,,,,
    East Europe,Land,2015,21411,,,,
    East Europe,Waterway,2015,4251,,,,
    Others in Europe,Air,2015,130175,,,,
    Others in Europe,Land,2015,5495,,,,
    Others in Europe,Waterway,2015,1354,,,,
    Argentina,Air,2015,25952,,,,
    Argentina,Land,2015,1638,,,,
    Argentina,Waterway,2015,460,,,,
    Brazil,Air,2015,42370,,,,
    Brazil,Land,2015,1626,,,,
    Brazil,Waterway,2015,418,,,,
    Canada,Air,2015,192437,,,,
    Canada,Land,2015,14159,,,,
    Canada,Waterway,2015,3501,,,,
    USA,Air,2015,769392,,,,
    USA,Land,2015,48912,,,,
    USA,Waterway,2015,8806,,,,
    Others in America,Air,2015,55421,,,,
    Others in America,Land,2015,3060,,,,
    Others in America,Waterway,2015,680,,,,
    Bangladesh,Air,2015,108321,,,,
    Bangladesh,Land,2015,627,,,,
    Bangladesh,Waterway,2015,85,,,,
    India,Air,2015,1021904,,,,
    India,Land,2015,16521,,,,
    India,Waterway,2015,970,,,,
    Nepal,Air,2015,32619,,,,
    Nepal,Land,2015,692,,,,
    Nepal,Waterway,2015,14,,,,
    Pakistan,Air,2015,75268,,,,
    Pakistan,Land,2015,876,,,,
    Pakistan,Waterway,2015,222,,,,
    Sri Lanka,Air,2015,75275,,,,
    Sri Lanka,Land,2015,304,,,,
    Sri Lanka,Waterway,2015,16,,,,
    Others in Asia,Air,2015,40304,,,,
    Others in Asia,Land,2015,258,,,,
    Others in Asia,Waterway,2015,16,,,,
    Australia,Air,2015,788696,,,,
    Australia,Land,2015,21351,,,,
    Australia,Waterway,2015,6006,,,,
    New Zealand,Air,2015,97208,,,,
    New Zealand,Land,2015,3990,,,,
    New Zealand,Waterway,2015,1073,,,,
    Others in Oceania,Air,2015,5224,,,,
    Others in Oceania,Land,2015,284,,,,
    Others in Oceania,Waterway,2015,54,,,,
    Egypt,Air,2015,22734,,,,
    Egypt,Land,2015,107,,,,
    Egypt,Waterway,2015,10,,,,
    Israel,Air,2015,134780,,,,
    Israel,Land,2015,2932,,,,
    Israel,Waterway,2015,787,,,,
    Kuwait,Air,2015,71994,,,,
    Kuwait,Land,2015,819,,,,
    Kuwait,Waterway,2015,17,,,,
    Saudi Arabia,Air,2015,24899,,,,
    Saudi Arabia,Land,2015,217,,,,
    Saudi Arabia,Waterway,2015,37,,,,
    United Arab Emirates,Air,2015,171327,,,,
    United Arab Emirates,Land,2015,178,,,,
    United Arab Emirates,Waterway,2015,11,,,,
    Others in Middle East,Air,2015,288699,,,,
    Others in Middle East,Land,2015,964,,,,
    Others in Middle East,Waterway,2015,279,,,,
    South Africa,Air,2015,71351,,,,
    South Africa,Land,2015,2601,,,,
    South Africa,Waterway,2015,445,,,,
    Others in Africa,Air,2015,88269,,,,
    Others in Africa,Land,2015,1569,,,,
    Others in Africa,Waterway,2015,439,,,,
        Brunai,Air,2016,13286,,,,
        Brunai,Land,2016,696,,,,
        Brunai,Waterway,2016,41,,,,
        Cambodia,Air,2016,163023,,,,
        Cambodia,Land,2016,472226,,,,
        Cambodia,Waterway,2016,39726,,,,
        Indonesia,Air,2016,450427,,,,
        Indonesia,Land,2016,82590,,,,
        Indonesia,Waterway,2016,1780,,,,
        Laos,Air,2016,48228,,,,
        Laos,Land,2016,1204923,,,,
        Laos,Waterway,2016,134869,,,,
        Malaysia,Air,2016,1177697,,,,
        Malaysia,Land,2016,2233907,,,,
        Malaysia,Waterway,2016,83286,,,,
        Myanmar,Air,2016,334583,,,,
        Myanmar,Land,2016,6663,,,,
        Myanmar,Waterway,2016,380,,,,
        Philippines,Air,2016,278966,,,,
        Philippines,Land,2016,58073,,,,
        Philippines,Waterway,2016,2111,,,,
        Singapore,Air,2016,928077,,,,
        Singapore,Land,2016,37543,,,,
        Singapore,Waterway,2016,1930,,,,
        Vietnam,Air,2016,562358,,,,
        Vietnam,Land,2016,219252,,,,
        Vietnam,Waterway,2016,48610,,,,
    China,Air,2016,8617291,,,,
    China,Land,2016,75268,,,,
    China,Waterway,2016,65087,,,,
    Hong Kong,Air,2016,747699,,,,
    Hong Kong,Land,2016,3078,,,,
    Hong Kong,Waterway,2016,487,,,,
    Japan,Air,2016,1406900,,,,
    Japan,Land,2016,29896,,,,
    Japan,Waterway,2016,2714,,,,
    Korea,Air,2016,1411612,,,,
    Korea,Land,2016,47489,,,,
    Korea,Waterway,2016,4741,,,,
    Taiwan,Air,2016,512688,,,,
    Taiwan,Land,2016,8988,,,,
    Taiwan,Waterway,2016,597,,,,
    Others in East Asia,Air,2016,72485,,,,
    Others in East Asia,Land,2016,906,,,,
    Others in East Asia,Waterway,2016,108,,,,
    Austria,Air,2016,96447,,,,
    Austria,Land,2016,2649,,,,
    Austria,Waterway,2016,1277,,,,
    Belgium,Air,2016,104495,,,,
    Belgium,Land,2016,5130,,,,
    Belgium,Waterway,2016,1388,,,,
    Denmark,Air,2016,160893,,,,
    Denmark,Land,2016,3683,,,,
    Denmark,Waterway,2016,1005,,,,
    Finland,Air,2016,131004,,,,
    Finland,Land,2016,2446,,,,
    Finland,Waterway,2016,788,,,,
    France,Air,2016,686803,,,,
    France,Land,2016,43334,,,,
    France,Waterway,2016,8741,,,,
    Germany,Air,2016,797210,,,,
    Germany,Land,2016,28067,,,,
    Germany,Waterway,2016,12608,,,,
    Ireland,Air,2016,64435,,,,
    Ireland,Land,2016,2487,,,,
    Ireland,Waterway,2016,564,,,,
    Italy,Air,2016,254936,,,,
    Italy,Land,2016,8339,,,,
    Italy,Waterway,2016,2312,,,,
    Netherlands,Air,2016,223032,,,,
    Netherlands,Land,2016,9285,,,,
    Netherlands,Waterway,2016,3445,,,,
    Norway,Air,2016,127326,,,,
    Norway,Land,2016,2908,,,,
    Norway,Waterway,2016,805,,,,
    Russian,Air,2016,1037793,,,,
    Russian,Land,2016,49128,,,,
    Russian,Waterway,2016,3162,,,,
    Spain,Air,2016,162236,,,,
    Spain,Land,2016,5450,,,,
    Spain,Waterway,2016,1214,,,,
    Sweden,Air,2016,325251,,,,
    Sweden,Land,2016,5953,,,,
    Sweden,Waterway,2016,1691,,,,
    Switzerland,Air,2016,200001,,,,
    Switzerland,Land,2016,6695,,,,
    Switzerland,Waterway,2016,2361,,,,
    United Kingdom,Air,2016,956052,,,,
    United Kingdom,Land,2016,36725,,,,
    United Kingdom,Waterway,2016,11568,,,,
    East Europe,Air,2016,385252,,,,
    East Europe,Land,2016,20931,,,,
    East Europe,Waterway,2016,3540,,,,
    Others in Europe,Air,2016,164891,,,,
    Others in Europe,Land,2016,5857,,,,
    Others in Europe,Waterway,2016,1364,,,,
    Argentina,Air,2016,42861,,,,
    Argentina,Land,2016,2122,,,,
    Argentina,Waterway,2016,339,,,,
    Brazil,Air,2016,65557,,,,
    Brazil,Land,2016,1608,,,,
    Brazil,Waterway,2016,304,,,,
    Canada,Air,2016,227636,,,,
    Canada,Land,2016,13620,,,,
    Canada,Waterway,2016,3613,,,,
    USA,Air,2016,919876,,,,
    USA,Land,2016,46993,,,,
    USA,Waterway,2016,8774,,,,
    Others in America,Air,2016,70172,,,,
    Others in America,Land,2016,3306,,,,
    Others in America,Waterway,2016,677,,,,
    Bangladesh,Air,2016,99734,,,,
    Bangladesh,Land,2016,473,,,,
    Bangladesh,Waterway,2016,56,,,,
    India,Air,2016,1178653,,,,
    India,Land,2016,14254,,,,
    India,Waterway,2016,1601,,,,
    Nepal,Air,2016,41677,,,,
    Nepal,Land,2016,780,,,,
    Nepal,Waterway,2016,29,,,,
    Pakistan,Air,2016,74290,,,,
    Pakistan,Land,2016,933,,,,
    Pakistan,Waterway,2016,85,,,,
    Sri Lanka,Air,2016,67858,,,,
    Sri Lanka,Land,2016,326,,,,
    Sri Lanka,Waterway,2016,11,,,,
    Others in Asia,Air,2016,42475,,,,
    Others in Asia,Land,2016,312,,,,
    Others in Asia,Waterway,2016,8,,,,
    Australia,Air,2016,765507,,,,
    Australia,Land,2016,20025,,,,
    Australia,Waterway,2016,10838,,,,
    New Zealand,Air,2016,106150,,,,
    New Zealand,Land,2016,3950,,,,
    New Zealand,Waterway,2016,1495,,,,
    Others in Oceania,Air,2016,2696,,,,
    Others in Oceania,Land,2016,221,,,,
    Others in Oceania,Waterway,2016,19,,,,
    Egypt,Air,2016,27993,,,,
    Egypt,Land,2016,97,,,,
    Egypt,Waterway,2016,24,,,,
    Israel,Air,2016,157602,,,,
    Israel,Land,2016,3136,,,,
    Israel,Waterway,2016,841,,,,
    Kuwait,Air,2016,60976,,,,
    Kuwait,Land,2016,578,,,,
    Kuwait,Waterway,2016,9,,,,
    Saudi Arabia,Air,2016,24493,,,,
    Saudi Arabia,Land,2016,256,,,,
    Saudi Arabia,Waterway,2016,85,,,,
    United Arab Emirates,Air,2016,130819,,,,
    United Arab Emirates,Land,2016,117,,,,
    United Arab Emirates,Waterway,2016,5,,,,
    Others in Middle East,Air,2016,339399,,,,
    Others in Middle East,Land,2016,705,,,,
    Others in Middle East,Waterway,2016,84,,,,
    South Africa,Air,2016,76084,,,,
    South Africa,Land,2016,2800,,,,
    South Africa,Waterway,2016,288,,,,
    Others in Africa,Air,2016,91637,,,,
    Others in Africa,Land,2016,1244,,,,
    Others in Africa,Waterway,2016,160,,,,
        Brunai,Air,2017,13519,,,,
        Brunai,Land,2017,707,,,,
        Brunai,Waterway,2017,42,,,,
        Cambodia,Air,2017,224139,,,,
        Cambodia,Land,2017,551372,,,,
        Cambodia,Waterway,2017,65360,,,,
        Indonesia,Air,2017,509549,,,,
        Indonesia,Land,2017,64791,,,,
        Indonesia,Waterway,2017,1770,,,,
        Laos,Air,2017,55168,,,,
        Laos,Land,2017,1465897,,,,
        Laos,Waterway,2017,161022,,,,
        Malaysia,Air,2017,1280052,,,,
        Malaysia,Land,2017,2142882,,,,
        Malaysia,Waterway,2017,71554,,,,
        Myanmar,Air,2017,358684,,,,
        Myanmar,Land,2017,6617,,,,
        Myanmar,Waterway,2017,305,,,,
        Philippines,Air,2017,335718,,,,
        Philippines,Land,2017,43606,,,,
        Philippines,Waterway,2017,1928,,,,
        Singapore,Air,2017,998565,,,,
        Singapore,Land,2017,30965,,,,
        Singapore,Waterway,2017,3117,,,,
        Vietnam,Air,2017,687299,,,,
        Vietnam,Land,2017,201228,,,,
        Vietnam,Waterway,2017,46652,,,,
    China,Air,2017,9651071,,,,
    China,Land,2017,91237,,,,
    China,Waterway,2017,63952,,,,
    Hong Kong,Air,2017,816721,,,,
    Hong Kong,Land,2017,3911,,,,
    Hong Kong,Waterway,2017,432,,,,
    Japan,Air,2017,1520539,,,,
    Japan,Land,2017,21791,,,,
    Japan,Waterway,2017,2112,,,,
    Korea,Air,2017,1661055,,,,
    Korea,Land,2017,43369,,,,
    Korea,Waterway,2017,4224,,,,
    Taiwan,Air,2017,560761,,,,
    Taiwan,Land,2017,11925,,,,
    Taiwan,Waterway,2017,391,,,,
    Others in East Asia,Air,2017,69410,,,,
    Others in East Asia,Land,2017,839,,,,
    Others in East Asia,Waterway,2017,139,,,,
    Austria,Air,2017,101222,,,,
    Austria,Land,2017,2489,,,,
    Austria,Waterway,2017,1073,,,,
    Belgium,Air,2017,106730,,,,
    Belgium,Land,2017,4357,,,,
    Belgium,Waterway,2017,1179,,,,
    Denmark,Air,2017,158347,,,,
    Denmark,Land,2017,2755,,,,
    Denmark,Waterway,2017,818,,,,
    Finland,Air,2017,137731,,,,
    Finland,Land,2017,2092,,,,
    Finland,Waterway,2017,641,,,,
    France,Air,2017,699709,,,,
    France,Land,2017,32893,,,,
    France,Waterway,2017,7588,,,,
    Germany,Air,2017,816674,,,,
    Germany,Land,2017,24089,,,,
    Germany,Waterway,2017,9376,,,,
    Ireland,Air,2017,66001,,,,
    Ireland,Land,2017,2478,,,,
    Ireland,Waterway,2017,535,,,,
    Italy,Air,2017,256152,,,,
    Italy,Land,2017,6556,,,,
    Italy,Waterway,2017,1807,,,,
    Netherlands,Air,2017,212126,,,,
    Netherlands,Land,2017,7350,,,,
    Netherlands,Waterway,2017,2933,,,,
    Norway,Air,2017,125021,,,,
    Norway,Land,2017,2212,,,,
    Norway,Waterway,2017,617,,,,
    Russian,Air,2017,1294004,,,,
    Russian,Land,2017,49363,,,,
    Russian,Waterway,2017,2971,,,,
    Spain,Air,2017,174257,,,,
    Spain,Land,2017,4256,,,,
    Spain,Waterway,2017,1071,,,,
    Sweden,Air,2017,317509,,,,
    Sweden,Land,2017,4901,,,,
    Sweden,Waterway,2017,1326,,,,
    Switzerland,Air,2017,201747,,,,
    Switzerland,Land,2017,5476,,,,
    Switzerland,Waterway,2017,2305,,,,
    United Kingdom,Air,2017,955049,,,,
    United Kingdom,Land,2017,29961,,,,
    United Kingdom,Waterway,2017,9745,,,,
    East Europe,Air,2017,456948,,,,
    East Europe,Land,2017,19597,,,,
    East Europe,Waterway,2017,3211,,,,
    Others in Europe,Air,2017,180841,,,,
    Others in Europe,Land,2017,4661,,,,
    Others in Europe,Waterway,2017,1261,,,,
    Argentina,Air,2017,60399,,,,
    Argentina,Land,2017,2222,,,,
    Argentina,Waterway,2017,383,,,,
    Brazil,Air,2017,76392,,,,
    Brazil,Land,2017,1394,,,,
    Brazil,Waterway,2017,400,,,,
    Canada,Air,2017,245097,,,,
    Canada,Land,2017,10454,,,,
    Canada,Waterway,2017,2943,,,,
    USA,Air,2017,1011163,,,,
    USA,Land,2017,37506,,,,
    USA,Waterway,2017,7754,,,,
    Others in America,Air,2017,82472,,,,
    Others in America,Land,2017,2617,,,,
    Others in America,Waterway,2017,754,,,,
    Bangladesh,Air,2017,121274,,,,
    Bangladesh,Land,2017,461,,,,
    Bangladesh,Waterway,2017,30,,,,
    India,Air,2017,1399353,,,,
    India,Land,2017,13316,,,,
    India,Waterway,2017,2528,,,,
    Nepal,Air,2017,42505,,,,
    Nepal,Land,2017,724,,,,
    Nepal,Waterway,2017,22,,,,
    Pakistan,Air,2017,80428,,,,
    Pakistan,Land,2017,1324,,,,
    Pakistan,Waterway,2017,102,,,,
    Sri Lanka,Air,2017,63005,,,,
    Sri Lanka,Land,2017,237,,,,
    Sri Lanka,Waterway,2017,25,,,,
    Others in Asia,Air,2017,47974,,,,
    Others in Asia,Land,2017,253,,,,
    Others in Asia,Waterway,2017,3,,,,
    Australia,Air,2017,797060,,,,
    Australia,Land,2017,15027,,,,
    Australia,Waterway,2017,5131,,,,
    New Zealand,Air,2017,113649,,,,
    New Zealand,Land,2017,3175,,,,
    New Zealand,Waterway,2017,1138,,,,
    Others in Oceania,Air,2017,3509,,,,
    Others in Oceania,Land,2017,182,,,,
    Others in Oceania,Waterway,2017,23,,,,
    Egypt,Air,2017,23964,,,,
    Egypt,Land,2017,120,,,,
    Egypt,Waterway,2017,16,,,,
    Israel,Air,2017,170195,,,,
    Israel,Land,2017,2676,,,,
    Israel,Waterway,2017,802,,,,
    Kuwait,Air,2017,71904,,,,
    Kuwait,Land,2017,333,,,,
    Kuwait,Waterway,2017,7,,,,
    Saudi Arabia,Air,2017,33312,,,,
    Saudi Arabia,Land,2017,202,,,,
    Saudi Arabia,Waterway,2017,17,,,,
    United Arab Emirates,Air,2017,137102,,,,
    United Arab Emirates,Land,2017,115,,,,
    United Arab Emirates,Waterway,2017,1,,,,
    Others in Middle East,Air,2017,348287,,,,
    Others in Middle East,Land,2017,772,,,,
    Others in Middle East,Waterway,2017,114,,,,
    South Africa,Air,2017,90191,,,,
    South Africa,Land,2017,2803,,,,
    South Africa,Waterway,2017,319,,,,
    Others in Africa,Air,2017,92121,,,,
    Others in Africa,Land,2017,1690,,,,
    Others in Africa,Waterway,2017,109,,,,
        Brunai,Air,2018,13605,,,,
        Brunai,Land,2018,578,,,,
        Brunai,Waterway,2018,49,,,,
        Cambodia,Air,2018,261344,,,,
        Cambodia,Land,2018,611210,,,,
        Cambodia,Waterway,2018,75797,,,,
        Indonesia,Air,2018,569450,,,,
        Indonesia,Land,2018,70923,,,,
        Indonesia,Waterway,2018,3045,,,,
        Laos,Air,2018,62013,,,,
        Laos,Land,2018,1440243,,,,
        Laos,Waterway,2018,162200,,,,
        Malaysia,Air,2018,1357859,,,,
        Malaysia,Land,2018,2591815,,,,
        Malaysia,Waterway,2018,82465,,,,
        Myanmar,Air,2018,360718,,,,
        Myanmar,Land,2018,6925,,,,
        Myanmar,Waterway,2018,516,,,,
        Philippines,Air,2018,385555,,,,
        Philippines,Land,2018,45016,,,,
        Philippines,Waterway,2018,1482,,,,
        Singapore,Air,2018,1037945,,,,
        Singapore,Land,2018,24882,,,,
        Singapore,Waterway,2018,3392,,,,
        Vietnam,Air,2018,785034,,,,
        Vietnam,Land,2018,197572,,,,
        Vietnam,Waterway,2018,44654,,,,
    China,Air,2018,10297446,,,,
    China,Land,2018,74992,,,,
    China,Waterway,2018,161902,,,,
    Hong Kong,Air,2018,1011190,,,,
    Hong Kong,Land,2018,3665,,,,
    Hong Kong,Waterway,2018,744,,,,
    Japan,Air,2018,1632891,,,,
    Japan,Land,2018,20670,,,,
    Japan,Waterway,2018,2435,,,,
    Korea,Air,2018,1751362,,,,
    Korea,Land,2018,40987,,,,
    Korea,Waterway,2018,3751,,,,
    Taiwan,Air,2018,673744,,,,
    Taiwan,Land,2018,12909,,,,
    Taiwan,Waterway,2018,931,,,,
    Others in East Asia,Air,2018,87460,,,,
    Others in East Asia,Land,2018,915,,,,
    Others in East Asia,Waterway,2018,126,,,,
    Austria,Air,2018,113056,,,,
    Austria,Land,2018,2396,,,,
    Austria,Waterway,2018,1197,,,,
    Belgium,Air,2018,108880,,,,
    Belgium,Land,2018,4034,,,,
    Belgium,Waterway,2018,1354,,,,
    Denmark,Air,2018,165809,,,,
    Denmark,Land,2018,2765,,,,
    Denmark,Waterway,2018,791,,,,
    Finland,Air,2018,138413,,,,
    Finland,Land,2018,1930,,,,
    Finland,Waterway,2018,615,,,,
    France,Air,2018,711465,,,,
    France,Land,2018,30845,,,,
    France,Waterway,2018,7198,,,,
    Germany,Air,2018,852919,,,,
    Germany,Land,2018,22160,,,,
    Germany,Waterway,2018,11371,,,,
    Ireland,Air,2018,66224,,,,
    Ireland,Land,2018,2203,,,,
    Ireland,Waterway,2018,639,,,,
    Italy,Air,2018,271992,,,,
    Italy,Land,2018,6050,,,,
    Italy,Waterway,2018,1849,,,,
    Netherlands,Air,2018,226586,,,,
    Netherlands,Land,2018,6703,,,,
    Netherlands,Waterway,2018,2943,,,,
    Norway,Air,2018,125849,,,,
    Norway,Land,2018,2324,,,,
    Norway,Waterway,2018,664,,,,
    Russian,Air,2018,1416946,,,,
    Russian,Land,2018,52396,,,,
    Russian,Waterway,2018,3423,,,,
    Spain,Air,2018,176884,,,,
    Spain,Land,2018,3887,,,,
    Spain,Waterway,2018,1102,,,,
    Sweden,Air,2018,306097,,,,
    Sweden,Land,2018,4504,,,,
    Sweden,Waterway,2018,1336,,,,
    Switzerland,Air,2018,200224,,,,
    Switzerland,Land,2018,4842,,,,
    Switzerland,Waterway,2018,2390,,,,
    United Kingdom,Air,2018,950923,,,,
    United Kingdom,Land,2018,26155,,,,
    United Kingdom,Waterway,2018,9588,,,,
    East Europe,Air,2018,500128,,,,
    East Europe,Land,2018,19384,,,,
    East Europe,Waterway,2018,3260,,,,
    Others in Europe,Air,2018,179776,,,,
    Others in Europe,Land,2018,4193,,,,
    Others in Europe,Waterway,2018,1193,,,,
    Argentina,Air,2018,42196,,,,
    Argentina,Land,2018,1435,,,,
    Argentina,Waterway,2018,389,,,,
    Brazil,Air,2018,64403,,,,
    Brazil,Land,2018,1160,,,,
    Brazil,Waterway,2018,435,,,,
    Canada,Air,2018,263367,,,,
    Canada,Land,2018,9528,,,,
    Canada,Waterway,2018,3172,,,,
    USA,Air,2018,1077843,,,,
    USA,Land,2018,35725,,,,
    USA,Waterway,2018,8520,,,,
    Others in America,Air,2018,87856,,,,
    Others in America,Land,2018,2308,,,,
    Others in America,Waterway,2018,667,,,,
    Bangladesh,Air,2018,129266,,,,
    Bangladesh,Land,2018,271,,,,
    Bangladesh,Waterway,2018,35,,,,
    India,Air,2018,1586125,,,,
    India,Land,2018,7660,,,,
    India,Waterway,2018,1969,,,,
    Nepal,Air,2018,54221,,,,
    Nepal,Land,2018,798,,,,
    Nepal,Waterway,2018,27,,,,
    Pakistan,Air,2018,83717,,,,
    Pakistan,Land,2018,1116,,,,
    Pakistan,Waterway,2018,125,,,,
    Sri Lanka,Air,2018,64470,,,,
    Sri Lanka,Land,2018,276,,,,
    Sri Lanka,Waterway,2018,14,,,,
    Others in Asia,Air,2018,51802,,,,
    Others in Asia,Land,2018,312,,,,
    Others in Asia,Waterway,2018,8,,,,
    Australia,Air,2018,783381,,,,
    Australia,Land,2018,13541,,,,
    Australia,Waterway,2018,4092,,,,
    New Zealand,Air,2018,112911,,,,
    New Zealand,Land,2018,2928,,,,
    New Zealand,Waterway,2018,858,,,,
    Others in Oceania,Air,2018,3851,,,,
    Others in Oceania,Land,2018,147,,,,
    Others in Oceania,Waterway,2018,50,,,,
    Egypt,Air,2018,23914,,,,
    Egypt,Land,2018,112,,,,
    Egypt,Waterway,2018,35,,,,
    Israel,Air,2018,184906,,,,
    Israel,Land,2018,3058,,,,
    Israel,Waterway,2018,824,,,,
    Kuwait,Air,2018,74434,,,,
    Kuwait,Land,2018,216,,,,
    Kuwait,Waterway,2018,15,,,,
    Saudi Arabia,Air,2018,28156,,,,
    Saudi Arabia,Land,2018,141,,,,
    Saudi Arabia,Waterway,2018,37,,,,
    United Arab Emirates,Air,2018,128182,,,,
    United Arab Emirates,Land,2018,81,,,,
    United Arab Emirates,Waterway,2018,7,,,,
    Others in Middle East,Air,2018,294532,,,,
    Others in Middle East,Land,2018,677,,,,
    Others in Middle East,Waterway,2018,160,,,,
    South Africa,Air,2018,99479,,,,
    South Africa,Land,2018,2867,,,,
    South Africa,Waterway,2018,340,,,,
    Others in Africa,Air,2018,97325,,,,
    Others in Africa,Land,2018,1296,,,,
    Others in Africa,Waterway,2018,163,,,,
        Brunai,Air,2019,14665,,,,
        Brunai,Land,2019,889,,,,
        Brunai,Waterway,2019,54,,,,
        Cambodia,Air,2019,326001,,,,
        Cambodia,Land,2019,579326,,,,
        Cambodia,Waterway,2019,5358,,,,
        Indonesia,Air,2019,614949,,,,
        Indonesia,Land,2019,92948,,,,
        Indonesia,Waterway,2019,1681,,,,
        Laos,Air,2019,72100,,,,
        Laos,Land,2019,1621183,,,,
        Laos,Waterway,2019,161436,,,,
        Malaysia,Air,2019,1355506,,,,
        Malaysia,Land,2019,2825754,,,,
        Malaysia,Waterway,2019,91324,,,,
        Myanmar,Air,2019,370295,,,,
        Myanmar,Land,2019,7749,,,,
        Myanmar,Waterway,2019,188,,,,
        Philippines,Air,2019,459848,,,,
        Philippines,Land,2019,44754,,,,
        Philippines,Waterway,2019,1704,,,,
        Singapore,Air,2019,1025492,,,,
        Singapore,Land,2019,28506,,,,
        Singapore,Waterway,2019,2584,,,,
        Vietnam,Air,2019,821096,,,,
        Vietnam,Land,2019,186800,,,,
        Vietnam,Waterway,2019,39767,,,,
    China,Air,2019,10659599,,,,
    China,Land,2019,322165,,,,
    China,Waterway,2019,15405,,,,
    Hong Kong,Air,2019,1041496,,,,
    Hong Kong,Land,2019,3379,,,,
    Hong Kong,Waterway,2019,408,,,,
    Japan,Air,2019,1785705,,,,
    Japan,Land,2019,18380,,,,
    Japan,Waterway,2019,2298,,,,
    Korea,Air,2019,1850484,,,,
    Korea,Land,2019,38171,,,,
    Korea,Waterway,2019,1913,,,,
    Taiwan,Air,2019,782998,,,,
    Taiwan,Land,2019,6516,,,,
    Taiwan,Waterway,2019,459,,,,
    Others in East Asia,Air,2019,108388,,,,
    Others in East Asia,Land,2019,1301,,,,
    Others in East Asia,Waterway,2019,28,,,,
    Austria,Air,2019,108235,,,,
    Austria,Land,2019,2310,,,,
    Austria,Waterway,2019,883,,,,
    Belgium,Air,2019,109922,,,,
    Belgium,Land,2019,3880,,,,
    Belgium,Waterway,2019,867,,,,
    Denmark,Air,2019,158768,,,,
    Denmark,Land,2019,2569,,,,
    Denmark,Waterway,2019,1111,,,,
    Finland,Air,2019,125698,,,,
    Finland,Land,2019,1846,,,,
    Finland,Waterway,2019,470,,,,
    France,Air,2019,709886,,,,
    France,Land,2019,29454,,,,
    France,Waterway,2019,5978,,,,
    Germany,Air,2019,818446,,,,
    Germany,Land,2019,22756,,,,
    Germany,Waterway,2019,11230,,,,
    Ireland,Air,2019,67048,,,,
    Ireland,Land,2019,2084,,,,
    Ireland,Waterway,2019,520,,,,
    Italy,Air,2019,264875,,,,
    Italy,Land,2019,5889,,,,
    Italy,Waterway,2019,1546,,,,
    Netherlands,Air,2019,232432,,,,
    Netherlands,Land,2019,6604,,,,
    Netherlands,Waterway,2019,2529,,,,
    Norway,Air,2019,125463,,,,
    Norway,Land,2019,1949,,,,
    Norway,Waterway,2019,571,,,,
    Russian,Air,2019,1435480,,,,
    Russian,Land,2019,45663,,,,
    Russian,Waterway,2019,2191,,,,
    Spain,Air,2019,184086,,,,
    Spain,Land,2019,3823,,,,
    Spain,Waterway,2019,1086,,,,
    Sweden,Air,2019,281839,,,,
    Sweden,Land,2019,4151,,,,
    Sweden,Waterway,2019,1348,,,,
    Switzerland,Air,2019,185333,,,,
    Switzerland,Land,2019,5107,,,,
    Switzerland,Waterway,2019,1686,,,,
    United Kingdom,Air,2019,958629,,,,
    United Kingdom,Land,2019,24816,,,,
    United Kingdom,Waterway,2019,9041,,,,
    East Europe,Air,2019,537530,,,,
    East Europe,Land,2019,18723,,,,
    East Europe,Waterway,2019,2886,,,,
    Others in Europe,Air,2019,177539,,,,
    Others in Europe,Land,2019,4082,,,,
    Others in Europe,Waterway,2019,958,,,,
    Argentina,Air,2019,27930,,,,
    Argentina,Land,2019,1116,,,,
    Argentina,Waterway,2019,452,,,,
    Brazil,Air,2019,67943,,,,
    Brazil,Land,2019,1362,,,,
    Brazil,Waterway,2019,409,,,,
    Canada,Air,2019,261751,,,,
    Canada,Land,2019,8734,,,,
    Canada,Waterway,2019,2733,,,,
    USA,Air,2019,1121945,,,,
    USA,Land,2019,35994,,,,
    USA,Waterway,2019,7917,,,,
    Others in America,Air,2019,89939,,,,
    Others in America,Land,2019,1903,,,,
    Others in America,Waterway,2019,656,,,,
    Bangladesh,Air,2019,136334,,,,
    Bangladesh,Land,2019,323,,,,
    Bangladesh,Waterway,2019,16,,,,
    India,Air,2019,1987255,,,,
    India,Land,2019,7084,,,,
    India,Waterway,2019,1024,,,,
    Nepal,Air,2019,59478,,,,
    Nepal,Land,2019,892,,,,
    Nepal,Waterway,2019,7,,,,
    Pakistan,Air,2019,78683,,,,
    Pakistan,Land,2019,1036,,,,
    Pakistan,Waterway,2019,86,,,,
    Sri Lanka,Air,2019,70770,,,,
    Sri Lanka,Land,2019,266,,,,
    Sri Lanka,Waterway,2019,7,,,,
    Others in Asia,Air,2019,53623,,,,
    Others in Asia,Land,2019,344,,,,
    Others in Asia,Waterway,2019,6,,,,
    Australia,Air,2019,749916,,,,
    Australia,Land,2019,12756,,,,
    Australia,Waterway,2019,4490,,,,
    New Zealand,Air,2019,109397,,,,
    New Zealand,Land,2019,2595,,,,
    New Zealand,Waterway,2019,668,,,,
    Others in Oceania,Air,2019,4574,,,,
    Others in Oceania,Land,2019,131,,,,
    Others in Oceania,Waterway,2019,9,,,,
    Egypt,Air,2019,23591,,,,
    Egypt,Land,2019,106,,,,
    Egypt,Waterway,2019,25,,,,
    Israel,Air,2019,192395,,,,
    Israel,Land,2019,2760,,,,
    Israel,Waterway,2019,701,,,,
    Kuwait,Air,2019,78025,,,,
    Kuwait,Land,2019,168,,,,
    Kuwait,Waterway,2019,6,,,,
    Saudi Arabia,Air,2019,29727,,,,
    Saudi Arabia,Land,2019,254,,,,
    Saudi Arabia,Waterway,2019,25,,,,
    United Arab Emirates,Air,2019,130079,,,,
    United Arab Emirates,Land,2019,76,,,,
    United Arab Emirates,Waterway,2019,3,,,,
    Others in Middle East,Air,2019,243736,,,,
    Others in Middle East,Land,2019,681,,,,
    Others in Middle East,Waterway,2019,165,,,,
    South Africa,Air,2019,93776,,,,
    South Africa,Land,2019,2333,,,,
    South Africa,Waterway,2019,341,,,,
    Others in Africa,Air,2019,100856,,,,
    Others in Africa,Land,2019,868,,,,
    Others in Africa,Waterway,2019,134,,,,
        Brunai,Air,2020,1612,,,,
        Brunai,Land,2020,17,,,,
        Brunai,Waterway,2020,120,,,,
        Cambodia,Air,2020,52334,,,,
        Cambodia,Land,2020,11560,,,,
        Cambodia,Waterway,2020,101133,,,,
        Indonesia,Air,2020,86046,,,,
        Indonesia,Land,2020,396,,,,
        Indonesia,Waterway,2020,13088,,,,
        Laos,Air,2020,12860,,,,
        Laos,Land,2020,29063,,,,
        Laos,Waterway,2020,338284,,,,
        Malaysia,Air,2020,185189,,,,
        Malaysia,Land,2020,13665,,,,
        Malaysia,Waterway,2020,420769,,,,
        Myanmar,Air,2020,54792,,,,
        Myanmar,Land,2020,23,,,,
        Myanmar,Waterway,2020,464,,,,
        Philippines,Air,2020,68647,,,,
        Philippines,Land,2020,227,,,,
        Philippines,Waterway,2020,3888,,,,
        Singapore,Air,2020,122772,,,,
        Singapore,Land,2020,547,,,,
        Singapore,Waterway,2020,3452,,,,
        Vietnam,Air,2020,103654,,,,
        Vietnam,Land,2020,6638,,,,
        Vietnam,Waterway,2020,21835,,,,
    China,Air,2020,1214178,,,,
    China,Land,2020,29060,,,,
    China,Waterway,2020,8260,,,,
    Hong Kong,Air,2020,123949,,,,
    Hong Kong,Land,2020,126,,,,
    Hong Kong,Waterway,2020,443,,,,
    Japan,Air,2020,318619,,,,
    Japan,Land,2020,679,,,,
    Japan,Waterway,2020,3379,,,,
    Korea,Air,2020,255689,,,,
    Korea,Land,2020,732,,,,
    Korea,Waterway,2020,5596,,,,
    Taiwan,Air,2020,116613,,,,
    Taiwan,Land,2020,180,,,,
    Taiwan,Waterway,2020,718,,,,
    Others in East Asia,Air,2020,12867,,,,
    Others in East Asia,Land,2020,15,,,,
    Others in East Asia,Waterway,2020,197,,,,
    Austria,Air,2020,35475,,,,
    Austria,Land,2020,396,,,,
    Austria,Waterway,2020,510,,,,
    Belgium,Air,2020,25396,,,,
    Belgium,Land,2020,337,,,,
    Belgium,Waterway,2020,661,,,,
    Denmark,Air,2020,65764,,,,
    Denmark,Land,2020,452,,,,
    Denmark,Waterway,2020,632,,,,
    Finland,Air,2020,58816,,,,
    Finland,Land,2020,262,,,,
    Finland,Waterway,2020,489,,,,
    France,Air,2020,229401,,,,
    France,Land,2020,2204,,,,
    France,Waterway,2020,5712,,,,
    Germany,Air,2020,222370,,,,
    Germany,Land,2020,5074,,,,
    Germany,Waterway,2020,4338,,,,
    Ireland,Air,2020,10469,,,,
    Ireland,Land,2020,124,,,,
    Ireland,Waterway,2020,360,,,,
    Italy,Air,2020,58527,,,,
    Italy,Land,2020,739,,,,
    Italy,Waterway,2020,1336,,,,
    Netherlands,Air,2020,50488,,,,
    Netherlands,Land,2020,739,,,,
    Netherlands,Waterway,2020,1175,,,,
    Norway,Air,2020,39086,,,,
    Norway,Land,2020,221,,,,
    Norway,Waterway,2020,471,,,,
    Russian,Air,2020,574206,,,,
    Russian,Land,2020,1094,,,,
    Russian,Waterway,2020,14851,,,,
    Spain,Air,2020,25009,,,,
    Spain,Land,2020,306,,,,
    Spain,Waterway,2020,589,,,,
    Sweden,Air,2020,110113,,,,
    Sweden,Land,2020,696,,,,
    Sweden,Waterway,2020,1185,,,,
    Switzerland,Air,2020,50582,,,,
    Switzerland,Land,2020,706,,,,
    Switzerland,Waterway,2020,1073,,,,
    United Kingdom,Air,2020,215405,,,,
    United Kingdom,Land,2020,2848,,,,
    United Kingdom,Waterway,2020,4834,,,,
    East Europe,Air,2020,210477,,,,
    East Europe,Land,2020,1218,,,,
    East Europe,Waterway,2020,4988,,,,
    Others in Europe,Air,2020,47448,,,,
    Others in Europe,Land,2020,353,,,,
    Others in Europe,Waterway,2020,894,,,,
    Argentina,Air,2020,11658,,,,
    Argentina,Land,2020,173,,,,
    Argentina,Waterway,2020,270,,,,
    Brazil,Air,2020,18059,,,,
    Brazil,Land,2020,138,,,,
    Brazil,Waterway,2020,267,,,,
    Canada,Air,2020,55237,,,,
    Canada,Land,2020,1138,,,,
    Canada,Waterway,2020,2124,,,,
    USA,Air,2020,202897,,,,
    USA,Land,2020,3171,,,,
    USA,Waterway,2020,6601,,,,
    Others in America,Air,2020,17036,,,,
    Others in America,Land,2020,175,,,,
    Others in America,Waterway,2020,362,,,,
    Bangladesh,Air,2020,21775,,,,
    Bangladesh,Land,2020,7,,,,
    Bangladesh,Waterway,2020,56,,,,
    India,Air,2020,261981,,,,
    India,Land,2020,196,,,,
    India,Waterway,2020,1482,,,,
    Nepal,Air,2020,9804,,,,
    Nepal,Land,2020,0,,,,
    Nepal,Waterway,2020,133,,,,
    Pakistan,Air,2020,12374,,,,
    Pakistan,Land,2020,14,,,,
    Pakistan,Waterway,2020,178,,,,
    Sri Lanka,Air,2020,8305,,,,
    Sri Lanka,Land,2020,2,,,,
    Sri Lanka,Waterway,2020,34,,,,
    Others in Asia,Air,2020,8150,,,,
    Others in Asia,Land,2020,0,,,,
    Others in Asia,Waterway,2020,82,,,,
    Australia,Air,2020,119575,,,,
    Australia,Land,2020,1578,,,,
    Australia,Waterway,2020,2674,,,,
    New Zealand,Air,2020,14985,,,,
    New Zealand,Land,2020,211,,,,
    New Zealand,Waterway,2020,513,,,,
    Others in Oceania,Air,2020,571,,,,
    Others in Oceania,Land,2020,10,,,,
    Others in Oceania,Waterway,2020,29,,,,
    Egypt,Air,2020,3566,,,,
    Egypt,Land,2020,12,,,,
    Egypt,Waterway,2020,11,,,,
    Israel,Air,2020,28605,,,,
    Israel,Land,2020,224,,,,
    Israel,Waterway,2020,615,,,,
    Kuwait,Air,2020,10487,,,,
    Kuwait,Land,2020,0,,,,
    Kuwait,Waterway,2020,23,,,,
    Saudi Arabia,Air,2020,4173,,,,
    Saudi Arabia,Land,2020,6,,,,
    Saudi Arabia,Waterway,2020,48,,,,
    United Arab Emirates,Air,2020,7480,,,,
    United Arab Emirates,Land,2020,1,,,,
    United Arab Emirates,Waterway,2020,11,,,,
    Others in Middle East,Air,2020,25722,,,,
    Others in Middle East,Land,2020,37,,,,
    Others in Middle East,Waterway,2020,122,,,,
    South Africa,Air,2020,10615,,,,
    South Africa,Land,2020,96,,,,
    South Africa,Waterway,2020,349,,,,
    Others in Africa,Air,2020,13519,,,,
    Others in Africa,Land,2020,29,,,,
    Others in Africa,Waterway,2020,143,,,,